GCA_055850635.1_ASM5585063v1_genomicΩJBCUGQ010000008.1_4	UniRef100_K4NYW3~K21221	39.8	1865	974	37	8	1803	6	1791	0.0	1100
GCA_055850635.1_ASM5585063v1_genomicΩJBCUGQ010000003.1_271	UniRef100_Q01ZX9~K00265	71.4	1498	413	3	5	1502	11	1492	0.0	2181
GCA_055850635.1_ASM5585063v1_genomicΩJBCUGQ010000001.1_1286	UniRef100_Q01VB1~K03043	82.7	1445	233	3	5	1448	4	1432	0.0	2383
GCA_055850635.1_ASM5585063v1_genomicΩJBCUGQ010000001.1_1287	UniRef100_Q01VB2~K03046	86.2	1406	186	2	3	1404	2	1403	0.0	2410
GCA_055850635.1_ASM5585063v1_genomicΩJBCUGQ010000003.1_319	UniRef100_Q01U88~K03724	67.4	1325	394	10	9	1303	6	1322	0.0	1699
GCA_055850635.1_ASM5585063v1_genomicΩJBCUGQ010000001.1_533	UniRef100_Q02B21~K09800	35.3	1400	797	23	5	1336	6	1364	7.56e-248	754
GCA_055850635.1_ASM5585063v1_genomicΩJBCUGQ010000008.1_53	UniRef100_A0A0F7KQV7~K02230	59.7	1231	492	3	28	1258	28	1254	0.0	1515
GCA_055850635.1_ASM5585063v1_genomicΩJBCUGQ010000002.1_178	UniRef100_Q01Y77~K03529	58.1	1228	483	7	1	1215	1	1209	0.0	1071
GCA_055850635.1_ASM5585063v1_genomicΩJBCUGQ010000001.1_516	UniRef100_Q01VQ8~K00164	56.6	1227	493	7	10	1215	11	1219	0.0	1368
GCA_055850635.1_ASM5585063v1_genomicΩJBCUGQ010000001.1_1067	UniRef100_Q02D38~K02337	69.6	1151	344	5	5	1152	3	1150	0.0	1615
GCA_055850635.1_ASM5585063v1_genomicΩJBCUGQ010000001.1_1188	UniRef100_Q01PU0~K03723	63.5	1132	377	6	35	1135	12	1138	0.0	1388
GCA_055850635.1_ASM5585063v1_genomicΩJBCUGQ010000011.1_26	UniRef100_D1C5W8~K16898	34.8	1156	627	38	8	1113	7	1085	1.04e-124	416
GCA_055850635.1_ASM5585063v1_genomicΩJBCUGQ010000001.1_1270	UniRef100_Q025D5~K01955	77.5	1067	237	3	1	1067	1	1064	0.0	1625
GCA_055850635.1_ASM5585063v1_genomicΩJBCUGQ010000004.1_208	UniRef100_A5G432~K03296	60.9	1023	391	4	15	1036	1	1015	0.0	1172
GCA_055850635.1_ASM5585063v1_genomicΩJBCUGQ010000003.1_138	UniRef100_A0A143PRN2~K07787	70.7	1034	303	0	1	1034	1	1034	0.0	1392
GCA_055850635.1_ASM5585063v1_genomicΩJBCUGQ010000004.1_37	UniRef100_G2LIA4~K03296	50.7	1021	499	1	1	1017	1	1021	0.0	978
GCA_055850635.1_ASM5585063v1_genomicΩJBCUGQ010000004.1_15	UniRef100_Q01VD9~K03296	67.3	1041	329	2	1	1038	1	1033	0.0	1305
GCA_055850635.1_ASM5585063v1_genomicΩJBCUGQ010000012.1_7	UniRef100_Q01SJ1~K15726	70.5	1022	297	3	1	1022	1	1017	0.0	1374
GCA_055850635.1_ASM5585063v1_genomicΩJBCUGQ010000004.1_209	UniRef100_A0LFE9~K03296	53.4	1044	464	6	1	1023	1	1042	0.0	1032
GCA_055850635.1_ASM5585063v1_genomicΩJBCUGQ010000001.1_845	UniRef100_Q01QX2~K14162	63.0	1033	355	9	4	1032	5	1014	0.0	1261
GCA_055850635.1_ASM5585063v1_genomicΩJBCUGQ010000011.1_20	UniRef100_F4L301~K07239	49.4	1028	506	4	1	1020	1	1022	7.27e-313	900
GCA_055850635.1_ASM5585063v1_genomicΩJBCUGQ010000002.1_6	UniRef100_D3PM95~K01153	71.0	1037	282	2	7	1024	5	1041	0.0	1464
GCA_055850635.1_ASM5585063v1_genomicΩJBCUGQ010000009.1_8	UniRef100_Q027B7~K01144	40.4	1054	546	27	13	1008	16	1045	7.72e-186	573
GCA_055850635.1_ASM5585063v1_genomicΩJBCUGQ010000001.1_1308	UniRef100_D5BWM3~K00184	48.6	994	464	21	16	988	23	990	4.45e-301	866
GCA_055850635.1_ASM5585063v1_genomicΩJBCUGQ010000007.1_31	UniRef100_Q01SH6~K07277	57.6	902	377	3	74	974	98	995	0.0	1058
GCA_055850635.1_ASM5585063v1_genomicΩJBCUGQ010000001.1_1078	UniRef100_A0A1B2ERK1~K00123	76.1	932	222	1	1	932	1	931	0.0	1452
GCA_055850635.1_ASM5585063v1_genomicΩJBCUGQ010000008.1_93	UniRef100_E8YRU9~K06911	37.9	953	547	17	26	943	36	978	1.58e-189	578
GCA_055850635.1_ASM5585063v1_genomicΩJBCUGQ010000005.1_138	UniRef100_Q01SK3~K03701	71.0	928	261	4	13	935	1	925	0.0	1307
GCA_055850635.1_ASM5585063v1_genomicΩJBCUGQ010000004.1_294	UniRef100_Q028A2~K00525	75.3	945	225	3	1	938	1	944	0.0	1472
GCA_055850635.1_ASM5585063v1_genomicΩJBCUGQ010000002.1_229	UniRef100_Q01Y13~K03070	69.6	960	256	5	3	926	1	960	0.0	1309
GCA_055850635.1_ASM5585063v1_genomicΩJBCUGQ010000004.1_69	UniRef100_Q01VL3~K01870	63.8	941	324	6	1	928	1	937	0.0	1263
GCA_055850635.1_ASM5585063v1_genomicΩJBCUGQ010000001.1_90	UniRef100_Q02CY1~K00982	55.0	913	376	10	37	927	6	905	0.0	915
GCA_055850635.1_ASM5585063v1_genomicΩJBCUGQ010000001.1_493	UniRef100_A0A068N627~K11527	32.3	870	482	22	141	926	149	995	1.53e-92	321
GCA_055850635.1_ASM5585063v1_genomicΩJBCUGQ010000008.1_68	UniRef100_Q01Q96~K03701	72.3	910	249	2	1	909	7	914	0.0	1337
GCA_055850635.1_ASM5585063v1_genomicΩJBCUGQ010000005.1_60	UniRef100_Q01QF5~K01006	70.2	915	269	2	1	912	1	914	0.0	1276
GCA_055850635.1_ASM5585063v1_genomicΩJBCUGQ010000001.1_326	UniRef100_Q027T3~K07263	54.3	904	407	5	2	903	5	904	0.0	923
GCA_055850635.1_ASM5585063v1_genomicΩJBCUGQ010000001.1_313	UniRef100_S4Y0R5~K09822	45.3	984	441	19	1	897	40	1013	5.53e-224	666
GCA_055850635.1_ASM5585063v1_genomicΩJBCUGQ010000001.1_381	UniRef100_Q01VH5~K00163	69.4	886	264	3	11	895	15	894	0.0	1262
GCA_055850635.1_ASM5585063v1_genomicΩJBCUGQ010000001.1_447	UniRef100_Q01SK1~K09118	56.9	894	376	6	1	887	19	910	0.0	962
GCA_055850635.1_ASM5585063v1_genomicΩJBCUGQ010000001.1_140	UniRef100_A0A0F7KZ46~K19031	61.1	903	282	13	1	889	1	848	0.0	1066
GCA_055850635.1_ASM5585063v1_genomicΩJBCUGQ010000001.1_644	UniRef100_Q029J1~K01681	68.9	876	268	3	4	876	3	877	0.0	1214
GCA_055850635.1_ASM5585063v1_genomicΩJBCUGQ010000001.1_139	UniRef100_A0A0F7KZ46~K19031	61.6	890	286	11	1	876	1	848	0.0	1084
GCA_055850635.1_ASM5585063v1_genomicΩJBCUGQ010000001.1_726	UniRef100_A0A142YDJ2~K01992	47.2	898	434	7	4	866	26	918	2.27e-263	763
GCA_055850635.1_ASM5585063v1_genomicΩJBCUGQ010000001.1_700	UniRef100_Q3SLF6~K01537	60.3	868	330	4	10	864	12	877	0.0	969
GCA_055850635.1_ASM5585063v1_genomicΩJBCUGQ010000002.1_108	UniRef100_Q01WI5~K12132	37.3	924	455	31	8	863	9	876	4.12e-140	443
GCA_055850635.1_ASM5585063v1_genomicΩJBCUGQ010000011.1_6	UniRef100_Q01ZH3~K02469	74.4	841	196	1	19	859	3	824	0.0	1108
GCA_055850635.1_ASM5585063v1_genomicΩJBCUGQ010000001.1_1132	UniRef100_Q47EY4~K01539	42.5	882	436	17	19	856	21	875	4.10e-181	550
GCA_055850635.1_ASM5585063v1_genomicΩJBCUGQ010000001.1_806	UniRef100_Q01XA0~K01872	65.9	879	278	5	1	858	1	878	0.0	1147
GCA_055850635.1_ASM5585063v1_genomicΩJBCUGQ010000003.1_233	UniRef100_Q01X96~K03555	67.8	867	265	4	3	855	2	868	0.0	1113
GCA_055850635.1_ASM5585063v1_genomicΩJBCUGQ010000006.1_74	UniRef100_Q02BZ7~K00688	59.6	850	341	2	1	849	1	849	0.0	1051
GCA_055850635.1_ASM5585063v1_genomicΩJBCUGQ010000005.1_222	UniRef100_Q027I5~K02004	51.7	849	407	3	3	850	5	851	6.66e-268	771
GCA_055850635.1_ASM5585063v1_genomicΩJBCUGQ010000001.1_929	UniRef100_Q01PF1~K01873	60.2	855	324	6	1	841	1	853	0.0	1045
GCA_055850635.1_ASM5585063v1_genomicΩJBCUGQ010000001.1_919	UniRef100_A5GEJ8~K02004	38.9	857	502	10	3	847	4	850	5.54e-169	517
GCA_055850635.1_ASM5585063v1_genomicΩJBCUGQ010000004.1_161	UniRef100_Q026S5~K05365	50.5	790	381	9	3	787	17	801	2.52e-267	770
GCA_055850635.1_ASM5585063v1_genomicΩJBCUGQ010000001.1_497	UniRef100_B5Y7K6~K00615	37.9	840	404	27	22	834	9	757	7.65e-143	446
GCA_055850635.1_ASM5585063v1_genomicΩJBCUGQ010000004.1_173	UniRef100_Q02BQ1~K03695	72.6	854	201	4	1	824	1	851	0.0	1150
GCA_055850635.1_ASM5585063v1_genomicΩJBCUGQ010000004.1_282	UniRef100_G8NQT8~K01897	50.1	864	391	8	13	837	14	876	4.16e-275	790
GCA_055850635.1_ASM5585063v1_genomicΩJBCUGQ010000005.1_113	UniRef100_B5E922~K01971	43.3	891	426	19	1	835	1	868	8.49e-224	658
GCA_055850635.1_ASM5585063v1_genomicΩJBCUGQ010000001.1_872	UniRef100_Q01SM1~K02238	51.6	828	378	9	1	820	25	837	1.37e-256	741
GCA_055850635.1_ASM5585063v1_genomicΩJBCUGQ010000002.1_118	UniRef100_Q02DA6~K02335	61.9	858	301	7	3	835	9	865	0.0	972
GCA_055850635.1_ASM5585063v1_genomicΩJBCUGQ010000003.1_160	UniRef100_Q025Q2~K03696	84.1	831	121	3	1	828	1	823	0.0	1327
GCA_055850635.1_ASM5585063v1_genomicΩJBCUGQ010000004.1_2	UniRef100_Q01YX3~K08301	51.2	954	299	20	1	828	1	913	5.43e-250	726
GCA_055850635.1_ASM5585063v1_genomicΩJBCUGQ010000006.1_39	UniRef100_A0A143PUT7~K15987	73.6	810	194	4	26	815	12	821	0.0	1120
GCA_055850635.1_ASM5585063v1_genomicΩJBCUGQ010000005.1_130	UniRef100_Q01U81~K01869	66.5	816	264	4	1	813	1	810	0.0	1159
GCA_055850635.1_ASM5585063v1_genomicΩJBCUGQ010000005.1_185	UniRef100_Q02B75~K04066	66.3	801	267	3	13	812	8	806	0.0	1045
GCA_055850635.1_ASM5585063v1_genomicΩJBCUGQ010000001.1_1026	UniRef100_Q01N68~K03168	59.7	937	243	5	1	808	1	931	0.0	974
GCA_055850635.1_ASM5585063v1_genomicΩJBCUGQ010000003.1_130	UniRef100_Q02C77~K02406	39.8	923	408	20	1	803	1	895	1.16e-140	443
GCA_055850635.1_ASM5585063v1_genomicΩJBCUGQ010000001.1_287	UniRef100_Q02D47~K02470	73.7	805	205	2	6	803	11	815	0.0	1178
GCA_055850635.1_ASM5585063v1_genomicΩJBCUGQ010000009.1_20	UniRef100_Q02CL8~K00362	77.5	799	180	0	1	799	1	799	0.0	1269
GCA_055850635.1_ASM5585063v1_genomicΩJBCUGQ010000004.1_118	UniRef100_Q024C1~K01235	64.1	813	269	4	8	797	17	829	0.0	1089
GCA_055850635.1_ASM5585063v1_genomicΩJBCUGQ010000003.1_221	UniRef100_A0A1P8ESE0~K16090	38.8	693	376	11	145	799	71	753	4.82e-144	447
GCA_055850635.1_ASM5585063v1_genomicΩJBCUGQ010000008.1_57	UniRef100_G2LEE3~K02014	41.6	808	444	15	9	795	16	816	2.87e-181	546
GCA_055850635.1_ASM5585063v1_genomicΩJBCUGQ010000001.1_94	UniRef100_A7HBD2~K00797	34.3	810	476	17	14	779	7	804	2.55e-106	355
GCA_055850635.1_ASM5585063v1_genomicΩJBCUGQ010000003.1_220	UniRef100_I3Z9U6~K16091	38.5	781	461	10	24	791	35	809	2.68e-171	520
GCA_055850635.1_ASM5585063v1_genomicΩJBCUGQ010000001.1_404	UniRef100_Q026Q2~K01338	81.7	775	140	1	1	773	15	789	0.0	1238
GCA_055850635.1_ASM5585063v1_genomicΩJBCUGQ010000001.1_950	UniRef100_Q01P03~K07456	50.3	801	371	6	5	789	6	795	3.77e-234	680
GCA_055850635.1_ASM5585063v1_genomicΩJBCUGQ010000001.1_556	UniRef100_Q01WE5~K03466	59.3	814	278	12	1	780	1	795	1.24e-301	852
GCA_055850635.1_ASM5585063v1_genomicΩJBCUGQ010000001.1_439	UniRef100_Q01QH1~K00990	49.2	797	370	10	18	781	28	822	1.27e-241	700
GCA_055850635.1_ASM5585063v1_genomicΩJBCUGQ010000004.1_174	UniRef100_A0A1W1I8L7~K01338	60.1	764	299	3	9	766	9	772	1.98e-312	879
GCA_055850635.1_ASM5585063v1_genomicΩJBCUGQ010000008.1_42	UniRef100_Q02A68~K02453	38.2	853	405	10	18	766	24	858	2.38e-170	519
GCA_055850635.1_ASM5585063v1_genomicΩJBCUGQ010000001.1_760	UniRef100_A0A0K2GE73~K17686	61.9	816	259	3	11	779	87	897	0.0	910
GCA_055850635.1_ASM5585063v1_genomicΩJBCUGQ010000001.1_500	UniRef100_Q025V3~K03520	74.4	776	198	1	1	776	1	775	0.0	1195
GCA_055850635.1_ASM5585063v1_genomicΩJBCUGQ010000001.1_147	UniRef100_W0RJY4~K07303	50.4	779	343	11	1	776	1	739	1.95e-250	719
GCA_055850635.1_ASM5585063v1_genomicΩJBCUGQ010000003.1_298	UniRef100_Q02AZ8~K06877	70.9	776	219	1	1	769	1	776	0.0	1117
GCA_055850635.1_ASM5585063v1_genomicΩJBCUGQ010000002.1_300	UniRef100_Q7NKQ9~K02004	37.5	786	462	15	1	772	142	912	2.10e-134	426
GCA_055850635.1_ASM5585063v1_genomicΩJBCUGQ010000001.1_150	UniRef100_B3R165~K00797	32.3	773	432	21	5	726	65	797	3.28e-71	256
GCA_055850635.1_ASM5585063v1_genomicΩJBCUGQ010000001.1_822	UniRef100_Q01RQ5~K09774	32.2	794	477	11	1	768	1	759	6.33e-120	384
GCA_055850635.1_ASM5585063v1_genomicΩJBCUGQ010000006.1_145	UniRef100_C6VVR7~K02014	31.4	777	469	21	12	751	43	792	2.79e-82	285
GCA_055850635.1_ASM5585063v1_genomicΩJBCUGQ010000001.1_433	UniRef100_A1TU37~K00256	39.9	720	382	14	57	751	68	761	7.99e-139	433
GCA_055850635.1_ASM5585063v1_genomicΩJBCUGQ010000001.1_1182	UniRef100_Q029J7~K00951	67.4	746	231	5	9	749	2	740	0.0	999
GCA_055850635.1_ASM5585063v1_genomicΩJBCUGQ010000001.1_1301	UniRef100_G8P0Y7~K16554	30.0	746	476	11	20	738	19	745	6.17e-83	286
GCA_055850635.1_ASM5585063v1_genomicΩJBCUGQ010000001.1_817	UniRef100_Q01ZA3~K03579	56.9	792	293	17	1	745	25	815	2.71e-264	756
GCA_055850635.1_ASM5585063v1_genomicΩJBCUGQ010000007.1_63	UniRef100_F3LLH9~K07093	57.1	765	268	13	1	742	1	728	1.78e-290	819
GCA_055850635.1_ASM5585063v1_genomicΩJBCUGQ010000001.1_178	UniRef100_G2LEK1~K02014	47.9	726	345	8	40	742	32	747	1.26e-220	642
GCA_055850635.1_ASM5585063v1_genomicΩJBCUGQ010000002.1_165	UniRef100_D5MFS6~K01835	42.2	687	371	13	17	691	9	681	3.29e-148	455
GCA_055850635.1_ASM5585063v1_genomicΩJBCUGQ010000007.1_115	UniRef100_Q01Q24~K00700	61.2	722	268	3	1	710	1	722	0.0	953
GCA_055850635.1_ASM5585063v1_genomicΩJBCUGQ010000009.1_91	UniRef100_G8P0Y7~K16554	31.1	714	456	9	36	716	37	747	1.48e-91	308
GCA_055850635.1_ASM5585063v1_genomicΩJBCUGQ010000002.1_83	UniRef100_A0A143PL64~K07303	59.6	738	285	7	5	731	8	743	2.05e-309	867
GCA_055850635.1_ASM5585063v1_genomicΩJBCUGQ010000009.1_19	UniRef100_G8NTL2~K00372	65.8	720	236	3	10	726	10	722	0.0	979
GCA_055850635.1_ASM5585063v1_genomicΩJBCUGQ010000001.1_580	UniRef100_Q01TY5~K01952	71.4	734	196	6	3	730	16	741	0.0	1028
GCA_055850635.1_ASM5585063v1_genomicΩJBCUGQ010000001.1_664	UniRef100_Q46YB3~K00256	34.9	750	452	12	2	728	19	755	1.57e-119	382
GCA_055850635.1_ASM5585063v1_genomicΩJBCUGQ010000001.1_935	UniRef100_Q12FQ6~K03782	77.3	732	158	3	1	725	1	731	0.0	1172
GCA_055850635.1_ASM5585063v1_genomicΩJBCUGQ010000001.1_774	UniRef100_Q01NT3~K02453	41.7	707	352	15	32	724	89	749	1.00e-158	483
GCA_055850635.1_ASM5585063v1_genomicΩJBCUGQ010000001.1_329	UniRef100_Q7UQ42~K05939	42.7	731	402	6	8	724	36	763	1.55e-176	529
GCA_055850635.1_ASM5585063v1_genomicΩJBCUGQ010000007.1_70	UniRef100_Q01VX0~K12573	64.1	729	248	2	2	716	21	749	0.0	924
GCA_055850635.1_ASM5585063v1_genomicΩJBCUGQ010000004.1_228	UniRef100_G4R9H5~K00114	32.9	718	422	17	30	721	45	728	7.90e-112	360
GCA_055850635.1_ASM5585063v1_genomicΩJBCUGQ010000002.1_357	UniRef100_Q01WS0~K01434	51.7	715	343	2	8	722	27	739	8.06e-262	746
GCA_055850635.1_ASM5585063v1_genomicΩJBCUGQ010000005.1_31	UniRef100_Q029V8~K03657	59.6	743	270	9	1	718	49	786	6.09e-290	819
GCA_055850635.1_ASM5585063v1_genomicΩJBCUGQ010000005.1_124	UniRef100_Q01VR3~K01278	55.4	719	314	5	6	718	7	724	4.91e-280	791
GCA_055850635.1_ASM5585063v1_genomicΩJBCUGQ010000004.1_83	UniRef100_Q02AD7~K13503	72.7	704	191	1	5	707	6	709	0.0	1032
GCA_055850635.1_ASM5585063v1_genomicΩJBCUGQ010000001.1_1039	UniRef100_Q01PP7~K02400	68.6	673	210	1	45	716	27	699	1.19e-310	868
GCA_055850635.1_ASM5585063v1_genomicΩJBCUGQ010000001.1_1066	UniRef100_G4R9H5~K00114	34.9	697	414	11	39	715	52	728	6.53e-125	394
GCA_055850635.1_ASM5585063v1_genomicΩJBCUGQ010000001.1_51	UniRef100_Q024N0~K00117	61.6	695	226	7	21	711	22	679	1.68e-298	837
GCA_055850635.1_ASM5585063v1_genomicΩJBCUGQ010000002.1_160	UniRef100_U5QL55~K01301	43.9	725	354	7	24	706	35	748	3.37e-190	563
GCA_055850635.1_ASM5585063v1_genomicΩJBCUGQ010000001.1_702	UniRef100_Q01NW3~K00962	71.9	697	195	1	1	697	1	696	0.0	991
GCA_055850635.1_ASM5585063v1_genomicΩJBCUGQ010000006.1_18	UniRef100_A0A143PRL3~K07516	58.1	702	286	4	1	695	1	701	1.42e-265	754
GCA_055850635.1_ASM5585063v1_genomicΩJBCUGQ010000003.1_183	UniRef100_H1XWF3~K11177	39.2	739	394	15	4	701	38	762	5.31e-148	455
GCA_055850635.1_ASM5585063v1_genomicΩJBCUGQ010000001.1_883	UniRef100_Q02AP4~K12132	48.1	702	353	9	1	699	23	716	1.98e-193	570
GCA_055850635.1_ASM5585063v1_genomicΩJBCUGQ010000001.1_234	UniRef100_Q02D82~K04744	40.4	736	397	14	3	699	81	813	5.49e-194	575
GCA_055850635.1_ASM5585063v1_genomicΩJBCUGQ010000006.1_157	UniRef100_Q01Q42~K03587	48.3	702	326	11	8	698	4	679	1.14e-186	551
GCA_055850635.1_ASM5585063v1_genomicΩJBCUGQ010000001.1_107	UniRef100_Q01NV9~K03655	73.2	699	186	1	1	698	1	699	0.0	1035
GCA_055850635.1_ASM5585063v1_genomicΩJBCUGQ010000005.1_131	UniRef100_Q020J5~K11381	69.0	687	212	1	11	697	12	697	0.0	951
GCA_055850635.1_ASM5585063v1_genomicΩJBCUGQ010000001.1_1064	UniRef100_A9GNT9~K06937	56.2	616	256	3	5	619	5	607	3.65e-258	731
GCA_055850635.1_ASM5585063v1_genomicΩJBCUGQ010000001.1_116	UniRef100_Q01P46~K02355	73.8	698	180	2	1	695	1	698	0.0	1041
GCA_055850635.1_ASM5585063v1_genomicΩJBCUGQ010000001.1_88	UniRef100_M4ZSD4~K00114	31.2	603	291	15	46	631	33	528	4.96e-77	263
GCA_055850635.1_ASM5585063v1_genomicΩJBCUGQ010000002.1_152	UniRef100_Q02CT7~K00336	60.5	759	214	7	1	675	1	757	0.0	894
GCA_055850635.1_ASM5585063v1_genomicΩJBCUGQ010000010.1_71	UniRef100_Q01S41~K07303	62.6	696	250	5	1	689	7	699	7.61e-295	827
GCA_055850635.1_ASM5585063v1_genomicΩJBCUGQ010000005.1_2	UniRef100_Q01W89~K02355	73.2	686	183	1	1	686	10	694	0.0	1015
GCA_055850635.1_ASM5585063v1_genomicΩJBCUGQ010000001.1_92	UniRef100_G2LDL7~K13598	35.7	718	392	14	16	670	38	748	5.57e-107	348
GCA_055850635.1_ASM5585063v1_genomicΩJBCUGQ010000001.1_103	UniRef100_Q01SM6~K07263	42.8	689	377	9	11	684	44	730	8.65e-182	540
GCA_055850635.1_ASM5585063v1_genomicΩJBCUGQ010000013.1_10	UniRef100_D5BXJ2~K01950	63.8	685	244	2	1	681	1	685	0.0	901
GCA_055850635.1_ASM5585063v1_genomicΩJBCUGQ010000007.1_132	UniRef100_Q01R34~K06200	71.5	681	187	2	6	679	2	682	0.0	966
GCA_055850635.1_ASM5585063v1_genomicΩJBCUGQ010000002.1_335	UniRef100_Q01QH9~K06888	59.5	704	259	5	1	678	1	704	1.32e-291	818
GCA_055850635.1_ASM5585063v1_genomicΩJBCUGQ010000005.1_116	UniRef100_A0A0H3C9P9~K01303	37.1	663	399	10	21	671	37	693	5.40e-138	426
GCA_055850635.1_ASM5585063v1_genomicΩJBCUGQ010000003.1_291	UniRef100_H1XPJ5~K01354	58.5	668	272	2	4	666	28	695	1.73e-290	815
GCA_055850635.1_ASM5585063v1_genomicΩJBCUGQ010000006.1_30	UniRef100_Q01VP8~K00705	46.9	710	316	14	5	664	23	721	2.81e-196	577
GCA_055850635.1_ASM5585063v1_genomicΩJBCUGQ010000002.1_211	UniRef100_Q024Y3~K08884	40.5	708	291	13	1	672	1	614	5.20e-137	421
GCA_055850635.1_ASM5585063v1_genomicΩJBCUGQ010000001.1_366	UniRef100_Q01NV7~K01972	65.6	654	223	2	17	669	7	659	1.66e-297	832
GCA_055850635.1_ASM5585063v1_genomicΩJBCUGQ010000001.1_738	UniRef100_Q024N0~K00117	63.9	674	231	6	4	668	10	680	6.65e-309	861
GCA_055850635.1_ASM5585063v1_genomicΩJBCUGQ010000001.1_417	UniRef100_Q01YS1~K02198	65.1	668	233	0	1	668	1	668	0.0	899
GCA_055850635.1_ASM5585063v1_genomicΩJBCUGQ010000001.1_142	UniRef100_Q023X7~K08309	43.5	662	364	6	5	662	28	683	3.83e-154	467
GCA_055850635.1_ASM5585063v1_genomicΩJBCUGQ010000001.1_890	UniRef100_Q01SR6~K03702	76.3	654	155	0	4	657	3	656	0.0	1030
GCA_055850635.1_ASM5585063v1_genomicΩJBCUGQ010000007.1_11	UniRef100_A0A0K2N308~K07306	31.6	719	402	25	16	662	88	788	3.87e-69	246
GCA_055850635.1_ASM5585063v1_genomicΩJBCUGQ010000001.1_136	UniRef100_Q024N0~K00117	58.8	668	235	8	27	658	16	679	6.06e-269	759
GCA_055850635.1_ASM5585063v1_genomicΩJBCUGQ010000003.1_293	UniRef100_Q027J9~K01415	56.1	645	282	1	19	663	29	672	1.97e-269	760
GCA_055850635.1_ASM5585063v1_genomicΩJBCUGQ010000001.1_1110	UniRef100_Q01SP7~K01890	53.5	775	240	6	1	662	1	768	1.18e-262	747
GCA_055850635.1_ASM5585063v1_genomicΩJBCUGQ010000002.1_34	UniRef100_E8V2F0~K01187	38.8	670	370	9	18	655	29	690	1.25e-149	455
GCA_055850635.1_ASM5585063v1_genomicΩJBCUGQ010000001.1_1057	UniRef100_A0A0F7KSS5~K00117	48.6	644	288	9	33	662	15	629	1.19e-211	612
GCA_055850635.1_ASM5585063v1_genomicΩJBCUGQ010000001.1_737	UniRef100_A0A0F7KSF1~K00117	54.3	630	254	6	36	659	52	653	1.88e-242	691
GCA_055850635.1_ASM5585063v1_genomicΩJBCUGQ010000004.1_203	UniRef100_Q01UA7~K01414	62.5	675	232	7	2	657	9	681	4.92e-293	820
GCA_055850635.1_ASM5585063v1_genomicΩJBCUGQ010000001.1_101	UniRef100_Q02D56~K00117	53.4	639	275	8	23	645	113	744	1.58e-227	656
GCA_055850635.1_ASM5585063v1_genomicΩJBCUGQ010000005.1_186	UniRef100_Q024N0~K00117	61.9	658	217	7	28	651	22	679	1.32e-290	814
GCA_055850635.1_ASM5585063v1_genomicΩJBCUGQ010000004.1_105	UniRef100_G2IL53~K00117	49.1	666	305	12	1	655	1	643	2.05e-215	622
GCA_055850635.1_ASM5585063v1_genomicΩJBCUGQ010000011.1_75	UniRef100_Q01RF5~K01652	45.2	650	314	11	10	655	6	617	3.46e-166	495
GCA_055850635.1_ASM5585063v1_genomicΩJBCUGQ010000005.1_242	UniRef100_Q01U38~K01887	67.7	650	201	2	1	649	1	642	0.0	885
GCA_055850635.1_ASM5585063v1_genomicΩJBCUGQ010000002.1_69	UniRef100_Q026C0~K07315	45.9	643	319	10	13	647	13	634	3.39e-157	472
GCA_055850635.1_ASM5585063v1_genomicΩJBCUGQ010000001.1_85	UniRef100_A0A1X9NKI5~K17760	39.3	623	304	17	33	643	20	580	7.12e-127	396
GCA_055850635.1_ASM5585063v1_genomicΩJBCUGQ010000008.1_51	UniRef100_A0A143PJ18~K00117	57.1	665	242	9	5	626	9	673	4.44e-264	746
GCA_055850635.1_ASM5585063v1_genomicΩJBCUGQ010000008.1_11	UniRef100_A0A223DW95~K19421	40.3	533	298	8	66	591	57	576	2.70e-122	381
GCA_055850635.1_ASM5585063v1_genomicΩJBCUGQ010000005.1_61	UniRef100_Q01QF4~K01879	59.7	653	243	7	1	641	1	645	9.56e-259	731
GCA_055850635.1_ASM5585063v1_genomicΩJBCUGQ010000004.1_45	UniRef100_Q1IQ41~K06158	66.1	641	212	2	1	639	1	638	1.69e-294	822
GCA_055850635.1_ASM5585063v1_genomicΩJBCUGQ010000002.1_374	UniRef100_Q02CD2~K01953	59.2	644	257	5	1	640	1	642	1.70e-273	769
GCA_055850635.1_ASM5585063v1_genomicΩJBCUGQ010000002.1_254	UniRef100_Q01P25~K01585	77.2	631	144	0	14	644	2	632	0.0	1005
GCA_055850635.1_ASM5585063v1_genomicΩJBCUGQ010000011.1_41	UniRef100_Q02CZ7~K03770	36.1	646	404	8	1	642	1	641	1.91e-123	385
GCA_055850635.1_ASM5585063v1_genomicΩJBCUGQ010000004.1_56	UniRef100_Q01Q64~K01868	73.9	643	168	0	1	643	1	643	0.0	1011
GCA_055850635.1_ASM5585063v1_genomicΩJBCUGQ010000009.1_57	UniRef100_Q02AD1~K11085	73.0	601	160	1	21	619	6	606	9.02e-291	812
GCA_055850635.1_ASM5585063v1_genomicΩJBCUGQ010000005.1_238	UniRef100_A0A127EUS2~K01652	52.5	642	297	5	3	642	8	643	1.12e-228	655
GCA_055850635.1_ASM5585063v1_genomicΩJBCUGQ010000009.1_83	UniRef100_Q01NE9~K01895	74.9	638	160	0	4	641	6	643	0.0	1043
GCA_055850635.1_ASM5585063v1_genomicΩJBCUGQ010000002.1_370	UniRef100_Q01QW7~K03572	69.0	665	177	10	1	641	1	660	7.33e-302	841
GCA_055850635.1_ASM5585063v1_genomicΩJBCUGQ010000002.1_117	UniRef100_A0A143PRL3~K07516	52.3	665	290	8	1	638	1	665	6.39e-199	582
GCA_055850635.1_ASM5585063v1_genomicΩJBCUGQ010000001.1_247	UniRef100_Q02A88~K03722	64.0	642	229	2	1	640	1	642	8.90e-306	850
GCA_055850635.1_ASM5585063v1_genomicΩJBCUGQ010000008.1_82	UniRef100_Q021P9~K01874	66.5	644	209	4	1	640	1	641	4.85e-307	853
GCA_055850635.1_ASM5585063v1_genomicΩJBCUGQ010000007.1_12	UniRef100_Q01PM8~K04043	76.7	640	145	1	1	640	1	636	0.0	937
GCA_055850635.1_ASM5585063v1_genomicΩJBCUGQ010000003.1_84	UniRef100_Q029M2~K06045	63.2	634	229	4	9	640	8	639	1.46e-272	766
GCA_055850635.1_ASM5585063v1_genomicΩJBCUGQ010000004.1_283	UniRef100_C1ABN5~K02014	47.2	693	275	12	35	637	130	821	2.84e-179	535
GCA_055850635.1_ASM5585063v1_genomicΩJBCUGQ010000006.1_10	UniRef100_Q01QT3~K03798	73.8	618	153	5	14	629	1	611	4.13e-317	878
GCA_055850635.1_ASM5585063v1_genomicΩJBCUGQ010000001.1_431	UniRef100_A0A127EUS2~K01652	53.2	579	263	5	63	638	70	643	9.66e-206	596
GCA_055850635.1_ASM5585063v1_genomicΩJBCUGQ010000009.1_107	UniRef100_G4P113~K19421	43.2	512	279	7	43	550	60	563	4.22e-117	368
GCA_055850635.1_ASM5585063v1_genomicΩJBCUGQ010000005.1_75	UniRef100_Q01WD6~K04759	66.6	602	195	4	27	628	26	621	1.72e-282	790
GCA_055850635.1_ASM5585063v1_genomicΩJBCUGQ010000002.1_156	UniRef100_Q02CT3~K00341	64.1	643	197	8	1	631	1	621	1.42e-271	763
GCA_055850635.1_ASM5585063v1_genomicΩJBCUGQ010000001.1_1045	UniRef100_A0A0H2V5U0~K07647	33.7	523	307	12	65	572	20	517	9.21e-64	226
GCA_055850635.1_ASM5585063v1_genomicΩJBCUGQ010000011.1_1	UniRef100_D0MHJ7~K01473	52.1	662	273	14	1	625	3	657	7.09e-188	551
GCA_055850635.1_ASM5585063v1_genomicΩJBCUGQ010000001.1_312	UniRef100_I0I5C6~K00288	79.3	632	130	1	1	632	1	631	0.0	987
GCA_055850635.1_ASM5585063v1_genomicΩJBCUGQ010000008.1_49	UniRef100_Q01RF5~K01652	56.9	634	251	10	1	631	3	617	4.96e-228	652
GCA_055850635.1_ASM5585063v1_genomicΩJBCUGQ010000001.1_1031	UniRef100_Q3JA52~K00705	38.5	663	348	14	8	620	6	658	1.53e-136	420
GCA_055850635.1_ASM5585063v1_genomicΩJBCUGQ010000010.1_114	UniRef100_A0A250DIE1~K21512	30.8	662	371	22	14	617	22	654	6.77e-70	245
GCA_055850635.1_ASM5585063v1_genomicΩJBCUGQ010000002.1_380	UniRef100_Q01XN2~K01953	57.0	626	267	2	1	625	1	625	1.43e-250	709
GCA_055850635.1_ASM5585063v1_genomicΩJBCUGQ010000009.1_78	UniRef100_Q01UU9~K03322	61.5	623	229	4	10	621	13	635	1.40e-265	748
GCA_055850635.1_ASM5585063v1_genomicΩJBCUGQ010000010.1_56	UniRef100_I3U7F6~K00114	32.1	639	344	17	7	620	13	586	6.27e-94	306
GCA_055850635.1_ASM5585063v1_genomicΩJBCUGQ010000001.1_1075	UniRef100_Q8GR64~K17760	45.1	581	286	9	29	596	19	579	2.21e-159	479
GCA_055850635.1_ASM5585063v1_genomicΩJBCUGQ010000001.1_792	UniRef100_Q01YX1~K05515	55.7	612	260	6	3	610	5	609	9.08e-241	685
GCA_055850635.1_ASM5585063v1_genomicΩJBCUGQ010000006.1_19	UniRef100_A0A1W6ZNJ0~K12508	55.4	616	274	1	4	618	11	626	1.20e-240	684
GCA_055850635.1_ASM5585063v1_genomicΩJBCUGQ010000002.1_347	UniRef100_A0A1L6LRP6~K03549	55.4	617	274	1	3	619	26	641	1.38e-225	646
GCA_055850635.1_ASM5585063v1_genomicΩJBCUGQ010000001.1_1111	UniRef100_H6RM77~K01953	38.0	644	358	16	1	614	1	633	1.66e-103	333
GCA_055850635.1_ASM5585063v1_genomicΩJBCUGQ010000001.1_687	UniRef100_Q01Q56~K00820	76.7	618	143	1	1	618	1	617	0.0	975
GCA_055850635.1_ASM5585063v1_genomicΩJBCUGQ010000013.1_6	UniRef100_A0A0K1PZI6~K03798	58.9	610	235	8	17	616	15	618	3.41e-225	645
GCA_055850635.1_ASM5585063v1_genomicΩJBCUGQ010000010.1_84	UniRef100_A0A143PKD1~K17760	45.4	529	261	10	73	583	6	524	7.25e-151	455
GCA_055850635.1_ASM5585063v1_genomicΩJBCUGQ010000001.1_1204	UniRef100_Q8GR64~K17760	48.9	587	272	10	17	600	18	579	2.22e-180	532
GCA_055850635.1_ASM5585063v1_genomicΩJBCUGQ010000005.1_44	UniRef100_Q1IUG5~K04043	55.1	606	260	5	14	608	5	609	2.60e-212	612
GCA_055850635.1_ASM5585063v1_genomicΩJBCUGQ010000001.1_311	UniRef100_A0A160UKB5~K05889	41.8	595	314	10	40	610	34	620	1.70e-151	456
GCA_055850635.1_ASM5585063v1_genomicΩJBCUGQ010000001.1_83	UniRef100_F8JGG5~K17760	46.2	598	299	7	2	593	19	599	1.50e-162	487
GCA_055850635.1_ASM5585063v1_genomicΩJBCUGQ010000002.1_161	UniRef100_G2SFS8~K04084	40.4	626	334	13	16	610	32	649	3.28e-119	374
GCA_055850635.1_ASM5585063v1_genomicΩJBCUGQ010000002.1_47	UniRef100_W6KDZ2~K00612	72.8	611	162	2	1	610	1	608	0.0	902
GCA_055850635.1_ASM5585063v1_genomicΩJBCUGQ010000001.1_819	UniRef100_Q01XF8~K00681	59.9	598	238	2	15	611	13	609	7.69e-243	688
GCA_055850635.1_ASM5585063v1_genomicΩJBCUGQ010000001.1_12	UniRef100_W6KDZ2~K00612	71.9	612	171	1	1	611	1	612	0.0	895
GCA_055850635.1_ASM5585063v1_genomicΩJBCUGQ010000017.1_9	UniRef100_T1XGS6~K21512	30.3	607	359	20	22	579	31	622	1.81e-66	236
GCA_055850635.1_ASM5585063v1_genomicΩJBCUGQ010000006.1_29	UniRef100_W0SKE6~K01768	31.0	606	355	19	42	603	47	633	6.23e-59	214
GCA_055850635.1_ASM5585063v1_genomicΩJBCUGQ010000001.1_587	UniRef100_A0A142XNM0~K01596	81.3	603	113	0	7	609	5	607	0.0	1070
GCA_055850635.1_ASM5585063v1_genomicΩJBCUGQ010000004.1_170	UniRef100_C0P9H2~K01254	41.9	614	321	11	22	606	2	608	1.90e-139	424
GCA_055850635.1_ASM5585063v1_genomicΩJBCUGQ010000001.1_1252	UniRef100_A0A143PLE6~K05889	56.0	595	238	9	25	608	34	615	1.41e-228	652
GCA_055850635.1_ASM5585063v1_genomicΩJBCUGQ010000001.1_631	UniRef100_Q025H5~K11085	62.2	606	229	0	1	606	1	606	3.04e-255	719
GCA_055850635.1_ASM5585063v1_genomicΩJBCUGQ010000005.1_166	UniRef100_Q1IRW4~K00239	74.3	604	154	1	1	604	6	608	0.0	922
GCA_055850635.1_ASM5585063v1_genomicΩJBCUGQ010000003.1_314	UniRef100_Q01X12~K01283	64.4	596	204	4	13	605	4	594	2.54e-293	815
GCA_055850635.1_ASM5585063v1_genomicΩJBCUGQ010000001.1_305	UniRef100_E1QIS9~K01534	33.9	602	384	5	12	600	28	628	3.60e-90	297
GCA_055850635.1_ASM5585063v1_genomicΩJBCUGQ010000007.1_57	UniRef100_Q029U9~K00117	52.0	606	271	9	4	603	6	597	3.00e-211	611
GCA_055850635.1_ASM5585063v1_genomicΩJBCUGQ010000003.1_273	UniRef100_Q01SV7~K03596	84.1	598	95	0	1	598	1	598	0.0	1008
GCA_055850635.1_ASM5585063v1_genomicΩJBCUGQ010000002.1_77	UniRef100_A0A143PKD1~K17760	48.3	547	238	9	78	599	7	533	5.72e-169	501
GCA_055850635.1_ASM5585063v1_genomicΩJBCUGQ010000001.1_1328	UniRef100_A0A0G3BLB6~K17760	41.1	601	311	12	12	590	11	590	7.46e-137	421
GCA_055850635.1_ASM5585063v1_genomicΩJBCUGQ010000001.1_550	UniRef100_Q029U9~K00117	48.2	575	286	3	20	592	27	591	6.35e-199	580
GCA_055850635.1_ASM5585063v1_genomicΩJBCUGQ010000009.1_25	UniRef100_A0A127FDB9~K00174	62.9	595	219	2	6	599	8	601	1.10e-281	787
GCA_055850635.1_ASM5585063v1_genomicΩJBCUGQ010000001.1_1250	UniRef100_Q01QA5~K06207	79.4	596	122	1	3	598	4	598	0.0	939
GCA_055850635.1_ASM5585063v1_genomicΩJBCUGQ010000002.1_339	UniRef100_Q01QP4~K00297&K00547	45.6	605	306	8	1	583	1	604	3.90e-159	475
GCA_055850635.1_ASM5585063v1_genomicΩJBCUGQ010000001.1_1142	UniRef100_A0A127EX76~K00114	61.8	558	209	4	40	597	39	592	1.12e-265	745
GCA_055850635.1_ASM5585063v1_genomicΩJBCUGQ010000001.1_855	UniRef100_G0JX26~K11740	35.4	591	344	8	20	574	25	613	1.85e-94	310
GCA_055850635.1_ASM5585063v1_genomicΩJBCUGQ010000009.1_120	UniRef100_Q028M3~K01876	73.0	588	156	2	5	591	6	591	3.67e-310	857
GCA_055850635.1_ASM5585063v1_genomicΩJBCUGQ010000001.1_650	UniRef100_Q025V9~K01207	47.5	552	282	2	48	592	41	591	1.44e-169	501
GCA_055850635.1_ASM5585063v1_genomicΩJBCUGQ010000003.1_163	UniRef100_Q8KDS0~K03307	49.3	598	271	9	2	585	3	582	5.80e-188	547
GCA_055850635.1_ASM5585063v1_genomicΩJBCUGQ010000002.1_303	UniRef100_Q02AB5~K02316	50.0	590	283	4	1	589	1	579	2.56e-190	553
GCA_055850635.1_ASM5585063v1_genomicΩJBCUGQ010000001.1_698	UniRef100_G7UN21~K00681	52.2	571	267	4	21	586	6	575	1.37e-203	586
GCA_055850635.1_ASM5585063v1_genomicΩJBCUGQ010000006.1_140	UniRef100_Q8GR64~K17760	50.4	581	235	11	19	571	25	580	1.01e-192	563
GCA_055850635.1_ASM5585063v1_genomicΩJBCUGQ010000001.1_786	UniRef100_Q89IY0~K05889	44.7	593	302	11	14	583	43	632	1.51e-150	453
GCA_055850635.1_ASM5585063v1_genomicΩJBCUGQ010000001.1_347	UniRef100_A0A0M4CX53~K05889	42.2	626	307	16	11	586	51	671	1.43e-151	457
GCA_055850635.1_ASM5585063v1_genomicΩJBCUGQ010000013.1_17	UniRef100_E8WNC9~K00525	56.6	560	230	6	2	555	3	555	1.41e-199	575
GCA_055850635.1_ASM5585063v1_genomicΩJBCUGQ010000002.1_134	UniRef100_Q01SH9~K01951	62.8	581	207	3	4	583	6	578	1.48e-256	721
GCA_055850635.1_ASM5585063v1_genomicΩJBCUGQ010000001.1_495	UniRef100_C1F8N2~K07315	44.6	565	310	3	19	581	7	570	1.03e-150	451
GCA_055850635.1_ASM5585063v1_genomicΩJBCUGQ010000008.1_29	UniRef100_A0A1Y6K5R6~K01953	37.3	590	335	11	4	576	6	577	4.09e-113	355
GCA_055850635.1_ASM5585063v1_genomicΩJBCUGQ010000002.1_293	UniRef100_Q01SL4~K00381	61.0	589	220	3	3	581	5	593	2.01e-260	731
GCA_055850635.1_ASM5585063v1_genomicΩJBCUGQ010000001.1_254	UniRef100_Q01S04~K03703	71.4	576	165	0	1	576	16	591	4.89e-299	830
GCA_055850635.1_ASM5585063v1_genomicΩJBCUGQ010000012.1_12	UniRef100_A0A0S3P9B3~K14205	36.1	534	335	4	38	569	13	542	2.93e-101	323
GCA_055850635.1_ASM5585063v1_genomicΩJBCUGQ010000001.1_1160	UniRef100_Q01VF3~K00114	56.3	576	235	8	6	579	86	646	6.61e-231	658
GCA_055850635.1_ASM5585063v1_genomicΩJBCUGQ010000002.1_297	UniRef100_W0P6G5~K00114	39.4	566	324	12	25	576	28	588	4.53e-137	417
GCA_055850635.1_ASM5585063v1_genomicΩJBCUGQ010000006.1_54	UniRef100_A1K8D6~K01652	61.1	566	219	1	10	575	1	565	8.90e-242	682
GCA_055850635.1_ASM5585063v1_genomicΩJBCUGQ010000007.1_96	UniRef100_Q01YK5~K02945	72.2	554	152	2	21	574	19	570	3.78e-296	820
GCA_055850635.1_ASM5585063v1_genomicΩJBCUGQ010000003.1_26	UniRef100_Q01NK5~K04773	49.5	578	282	6	3	576	2	573	7.23e-182	530
GCA_055850635.1_ASM5585063v1_genomicΩJBCUGQ010000003.1_236	UniRef100_Q02AR9~K02347	68.9	573	178	0	1	573	6	578	4.42e-283	788
GCA_055850635.1_ASM5585063v1_genomicΩJBCUGQ010000001.1_241	UniRef100_A0A143PKD1~K17760	51.3	511	203	6	67	533	9	517	3.68e-189	551
GCA_055850635.1_ASM5585063v1_genomicΩJBCUGQ010000001.1_216	UniRef100_Q02CM2~K01652	76.1	573	137	0	3	575	2	574	0.0	899
GCA_055850635.1_ASM5585063v1_genomicΩJBCUGQ010000001.1_656	UniRef100_I3U7F6~K00114	31.8	578	354	13	18	570	24	586	2.27e-84	280
GCA_055850635.1_ASM5585063v1_genomicΩJBCUGQ010000013.1_15	UniRef100_A0A101FKF1~K02347	44.2	570	315	2	1	569	1	568	4.26e-163	482
GCA_055850635.1_ASM5585063v1_genomicΩJBCUGQ010000009.1_92	UniRef100_W5W2H5~K00612	42.2	574	303	7	10	569	4	562	1.95e-119	370
GCA_055850635.1_ASM5585063v1_genomicΩJBCUGQ010000009.1_77	UniRef100_A0A0K0TYD5~K00114	36.7	588	314	14	11	568	27	586	1.30e-100	322
GCA_055850635.1_ASM5585063v1_genomicΩJBCUGQ010000004.1_33	UniRef100_I3U7F6~K00114	35.4	602	324	22	8	570	13	588	2.14e-94	306
GCA_055850635.1_ASM5585063v1_genomicΩJBCUGQ010000001.1_1253	UniRef100_D2PS99~K01652	58.0	572	226	7	5	570	11	574	4.74e-229	650
GCA_055850635.1_ASM5585063v1_genomicΩJBCUGQ010000010.1_49	UniRef100_E8R3Z1~K00122	45.6	562	272	8	8	541	2	557	1.21e-156	466
GCA_055850635.1_ASM5585063v1_genomicΩJBCUGQ010000005.1_96	UniRef100_A0A143PPI2~K03455	49.1	558	282	2	1	558	1	556	2.20e-161	481
GCA_055850635.1_ASM5585063v1_genomicΩJBCUGQ010000013.1_25	UniRef100_A0A2A4FQV7~K21105	53.0	553	254	2	21	568	98	649	4.12e-190	554
GCA_055850635.1_ASM5585063v1_genomicΩJBCUGQ010000001.1_515	UniRef100_D8J233~K13875	73.2	571	149	2	2	568	8	578	4.42e-304	840
GCA_055850635.1_ASM5585063v1_genomicΩJBCUGQ010000001.1_459	UniRef100_Q01WJ7~K01886	77.9	566	122	2	1	566	1	563	0.0	926
GCA_055850635.1_ASM5585063v1_genomicΩJBCUGQ010000001.1_1280	UniRef100_Q02C20~K07462	60.3	559	214	4	2	557	27	580	1.88e-217	621
GCA_055850635.1_ASM5585063v1_genomicΩJBCUGQ010000001.1_1170	UniRef100_Q01T79~K01937	78.7	541	110	1	1	541	1	536	2.36e-314	865
GCA_055850635.1_ASM5585063v1_genomicΩJBCUGQ010000001.1_303	UniRef100_Q02D35~K03495	71.8	571	149	4	1	567	38	600	2.31e-291	809
GCA_055850635.1_ASM5585063v1_genomicΩJBCUGQ010000008.1_131	UniRef100_B7A954~K03657	31.4	561	323	19	20	559	5	524	2.80e-62	220
GCA_055850635.1_ASM5585063v1_genomicΩJBCUGQ010000005.1_175	UniRef100_Q02C64~K02409	46.7	570	286	8	6	561	3	568	5.52e-145	436
GCA_055850635.1_ASM5585063v1_genomicΩJBCUGQ010000005.1_267	UniRef100_A0A142XXF1~K02314	55.7	560	247	1	4	563	5	563	2.12e-221	632
GCA_055850635.1_ASM5585063v1_genomicΩJBCUGQ010000008.1_112	UniRef100_Q01WM5~K03303	59.9	559	186	4	1	559	1	521	8.72e-208	594
GCA_055850635.1_ASM5585063v1_genomicΩJBCUGQ010000001.1_1243	UniRef100_Q02A40~K03217	47.0	553	270	8	2	540	17	560	3.37e-153	457
GCA_055850635.1_ASM5585063v1_genomicΩJBCUGQ010000001.1_1085	UniRef100_A0A1B3LLS3~K00114	39.7	541	293	11	26	555	41	559	4.20e-126	387
GCA_055850635.1_ASM5585063v1_genomicΩJBCUGQ010000001.1_755	UniRef100_B2KAR7~K03568	40.5	553	319	5	6	552	3	551	1.39e-131	400
GCA_055850635.1_ASM5585063v1_genomicΩJBCUGQ010000001.1_384	UniRef100_Q02BP8~K03631	61.5	561	209	3	1	556	1	559	3.05e-211	604
GCA_055850635.1_ASM5585063v1_genomicΩJBCUGQ010000009.1_97	UniRef100_A0A1L5Y166~K01953	38.1	617	319	16	1	556	26	640	6.52e-100	322
GCA_055850635.1_ASM5585063v1_genomicΩJBCUGQ010000002.1_302	UniRef100_Q02AB6~K03086	64.9	562	190	3	1	556	1	561	2.02e-241	681
GCA_055850635.1_ASM5585063v1_genomicΩJBCUGQ010000004.1_164	UniRef100_Q027A8~K02945	54.9	556	236	6	14	555	17	571	1.27e-202	582
GCA_055850635.1_ASM5585063v1_genomicΩJBCUGQ010000003.1_82	UniRef100_Q01Y18~K12574	67.3	557	180	2	1	556	1	556	1.54e-279	777
GCA_055850635.1_ASM5585063v1_genomicΩJBCUGQ010000001.1_262	UniRef100_Q02BF4~K01687	66.7	553	181	1	1	550	1	553	1.70e-256	718
GCA_055850635.1_ASM5585063v1_genomicΩJBCUGQ010000001.1_1124	UniRef100_C1FA95~K00688	57.6	550	227	3	1	549	26	570	8.39e-224	637
GCA_055850635.1_ASM5585063v1_genomicΩJBCUGQ010000010.1_86	UniRef100_E8WJJ6~K02005	34.5	513	215	7	9	519	4	397	8.30e-78	257
GCA_055850635.1_ASM5585063v1_genomicΩJBCUGQ010000010.1_57	UniRef100_Q023P7~K00681	61.9	554	204	3	1	549	1	552	9.86e-233	658
GCA_055850635.1_ASM5585063v1_genomicΩJBCUGQ010000001.1_1316	UniRef100_A0A1L6LCZ5~K02274	66.0	524	174	1	19	542	18	537	2.12e-260	728
GCA_055850635.1_ASM5585063v1_genomicΩJBCUGQ010000001.1_180	UniRef100_Q1INM5~K01916	56.0	546	237	2	1	546	10	552	6.51e-202	580
GCA_055850635.1_ASM5585063v1_genomicΩJBCUGQ010000005.1_121	UniRef100_Q026L6~K00114	69.8	550	148	5	17	548	22	571	6.89e-292	808
GCA_055850635.1_ASM5585063v1_genomicΩJBCUGQ010000006.1_57	UniRef100_Q01XS9~K00114	46.9	516	259	7	34	546	17	520	2.50e-169	495
GCA_055850635.1_ASM5585063v1_genomicΩJBCUGQ010000006.1_161	UniRef100_Q5FP24~K01269	34.6	555	337	13	4	541	9	554	3.75e-84	278
GCA_055850635.1_ASM5585063v1_genomicΩJBCUGQ010000002.1_342	UniRef100_Q01SE2~K07289	39.2	525	293	6	13	532	2	505	5.64e-103	325
GCA_055850635.1_ASM5585063v1_genomicΩJBCUGQ010000001.1_764	UniRef100_Q01NU4~K02454	74.7	549	131	3	1	545	22	566	2.67e-282	784
GCA_055850635.1_ASM5585063v1_genomicΩJBCUGQ010000001.1_1071	UniRef100_Q01RQ2~K04077	85.2	542	77	3	3	543	2	541	3.36e-314	863
GCA_055850635.1_ASM5585063v1_genomicΩJBCUGQ010000001.1_968	UniRef100_Q1INS8~K00248	44.2	582	280	7	6	542	14	595	7.84e-152	453
GCA_055850635.1_ASM5585063v1_genomicΩJBCUGQ010000007.1_136	UniRef100_Q028L8~K01992	38.9	552	300	10	4	541	2	530	1.72e-102	324
GCA_055850635.1_ASM5585063v1_genomicΩJBCUGQ010000001.1_1005	UniRef100_Q02D05~K02652	83.0	540	92	0	1	540	1	540	0.0	876
GCA_055850635.1_ASM5585063v1_genomicΩJBCUGQ010000002.1_135	UniRef100_Q01T73~K03797	57.4	530	222	4	6	533	5	532	5.11e-213	607
GCA_055850635.1_ASM5585063v1_genomicΩJBCUGQ010000001.1_1116	UniRef100_A0A140GUL5~K04077	71.1	529	153	0	1	529	1	529	3.70e-260	726
GCA_055850635.1_ASM5585063v1_genomicΩJBCUGQ010000001.1_638	UniRef100_Q01T86~K00412	53.7	536	240	4	7	535	10	544	3.40e-203	582
GCA_055850635.1_ASM5585063v1_genomicΩJBCUGQ010000006.1_27	UniRef100_A0A0K1Q2S8~K03885	49.7	531	265	2	3	531	24	554	6.63e-174	508
GCA_055850635.1_ASM5585063v1_genomicΩJBCUGQ010000001.1_1147	UniRef100_Q029K4~K03072	55.1	541	234	3	1	534	1	539	4.84e-191	551
GCA_055850635.1_ASM5585063v1_genomicΩJBCUGQ010000001.1_1077	UniRef100_Q608U7~K00124	74.3	510	131	0	3	512	4	513	5.02e-279	773
GCA_055850635.1_ASM5585063v1_genomicΩJBCUGQ010000001.1_1023	UniRef100_Q1IV89~K21470	49.1	517	255	5	19	531	106	618	9.18e-166	489
GCA_055850635.1_ASM5585063v1_genomicΩJBCUGQ010000001.1_214	UniRef100_A0A0S2KC29~K03929	51.0	551	235	6	2	534	9	542	6.81e-187	540
GCA_055850635.1_ASM5585063v1_genomicΩJBCUGQ010000001.1_1274	UniRef100_Q01QY8~K01881	48.4	527	212	9	1	524	7	476	2.28e-140	419
GCA_055850635.1_ASM5585063v1_genomicΩJBCUGQ010000004.1_48	UniRef100_A0A0F7FYN3~K01969	46.4	521	256	6	11	524	31	535	4.19e-140	421
GCA_055850635.1_ASM5585063v1_genomicΩJBCUGQ010000003.1_302	UniRef100_F6AV10~K21105	34.1	504	264	15	75	532	83	564	3.08e-82	272
GCA_055850635.1_ASM5585063v1_genomicΩJBCUGQ010000001.1_134	UniRef100_Q4WDX0~K09252	35.8	475	276	12	69	528	43	503	1.34e-86	282
GCA_055850635.1_ASM5585063v1_genomicΩJBCUGQ010000009.1_38	UniRef100_Q01SV2~K00114	65.1	533	173	5	1	529	1	524	2.51e-271	754
GCA_055850635.1_ASM5585063v1_genomicΩJBCUGQ010000006.1_102	UniRef100_Q022L4~K01638	69.9	521	157	0	8	528	9	529	1.67e-271	754
GCA_055850635.1_ASM5585063v1_genomicΩJBCUGQ010000003.1_166	UniRef100_Q022F8~K02343	58.3	569	195	5	1	528	1	568	1.02e-206	592
GCA_055850635.1_ASM5585063v1_genomicΩJBCUGQ010000001.1_219	UniRef100_Q02CM5~K01649	72.9	536	140	1	1	531	1	536	1.34e-292	808
GCA_055850635.1_ASM5585063v1_genomicΩJBCUGQ010000005.1_195	UniRef100_Q024W1~K04771	45.5	547	263	10	4	529	6	538	5.37e-140	421
GCA_055850635.1_ASM5585063v1_genomicΩJBCUGQ010000005.1_112	UniRef100_K9T3V6~K02292	37.8	553	295	15	3	524	2	536	8.91e-97	310
GCA_055850635.1_ASM5585063v1_genomicΩJBCUGQ010000003.1_198	UniRef100_Q01SH4~K01848	74.5	522	128	2	10	527	10	530	1.82e-271	754
GCA_055850635.1_ASM5585063v1_genomicΩJBCUGQ010000001.1_1032	UniRef100_Q01UL9~K01649	71.1	501	145	0	13	513	1	501	1.22e-242	680
GCA_055850635.1_ASM5585063v1_genomicΩJBCUGQ010000001.1_983	UniRef100_Q2MF66~K20584	31.9	549	304	19	2	523	33	538	5.05e-54	197
GCA_055850635.1_ASM5585063v1_genomicΩJBCUGQ010000001.1_402	UniRef100_E6VRG4~K03628	71.1	432	122	1	95	523	7	438	5.15e-217	612
GCA_055850635.1_ASM5585063v1_genomicΩJBCUGQ010000004.1_90	UniRef100_Q01RW3~K01524	51.9	505	243	0	15	519	1	505	4.86e-171	498
GCA_055850635.1_ASM5585063v1_genomicΩJBCUGQ010000003.1_208	UniRef100_Q028A6~K00058	65.8	521	177	1	1	521	1	520	4.33e-232	654
GCA_055850635.1_ASM5585063v1_genomicΩJBCUGQ010000003.1_70	UniRef100_A0A250J8X4~K03929	45.7	501	251	8	31	515	47	542	1.47e-134	407
GCA_055850635.1_ASM5585063v1_genomicΩJBCUGQ010000002.1_352	UniRef100_E8RIA4~K03980	43.7	517	282	3	1	517	27	534	2.09e-124	380
GCA_055850635.1_ASM5585063v1_genomicΩJBCUGQ010000008.1_104	UniRef100_A0A143PLE6~K05889	52.3	509	226	6	27	519	107	614	6.68e-176	514
GCA_055850635.1_ASM5585063v1_genomicΩJBCUGQ010000002.1_9	UniRef100_D3PM98~K03427	72.4	529	132	3	5	522	13	538	4.11e-292	806
GCA_055850635.1_ASM5585063v1_genomicΩJBCUGQ010000003.1_14	UniRef100_A5UWE2~K00483	74.8	507	127	1	15	520	10	516	3.14e-294	811
GCA_055850635.1_ASM5585063v1_genomicΩJBCUGQ010000001.1_458	UniRef100_Q01WJ6~K00612	63.3	528	184	5	1	521	1	525	1.73e-233	657
GCA_055850635.1_ASM5585063v1_genomicΩJBCUGQ010000004.1_21	UniRef100_Q1IJM9~K01474	59.4	527	192	4	15	519	8	534	1.36e-210	600
GCA_055850635.1_ASM5585063v1_genomicΩJBCUGQ010000001.1_245	UniRef100_I0K566~K03929	48.5	505	227	12	29	519	33	518	6.86e-135	406
GCA_055850635.1_ASM5585063v1_genomicΩJBCUGQ010000005.1_257	UniRef100_A0A0H3A6Z2~K06400	52.6	502	232	3	16	513	5	504	1.41e-179	520
GCA_055850635.1_ASM5585063v1_genomicΩJBCUGQ010000004.1_239	UniRef100_Q01QM5~K22136	48.3	528	260	2	1	519	1	524	3.43e-155	458
GCA_055850635.1_ASM5585063v1_genomicΩJBCUGQ010000001.1_873	UniRef100_Q028R8~K01966	78.1	512	112	0	7	518	2	513	4.62e-291	803
GCA_055850635.1_ASM5585063v1_genomicΩJBCUGQ010000001.1_410	UniRef100_A0A250JZ83~K01673	45.3	472	239	9	3	472	13	467	1.28e-103	326
GCA_055850635.1_ASM5585063v1_genomicΩJBCUGQ010000001.1_208	UniRef100_Q020X9~K00294	74.7	513	130	0	4	516	9	521	1.40e-275	764
GCA_055850635.1_ASM5585063v1_genomicΩJBCUGQ010000004.1_76	UniRef100_L7UEQ4~K01673	44.3	483	253	5	3	485	12	478	2.05e-110	343
GCA_055850635.1_ASM5585063v1_genomicΩJBCUGQ010000004.1_34	UniRef100_G2SDQ2~K01209	56.1	513	203	7	16	512	20	526	1.33e-197	566
GCA_055850635.1_ASM5585063v1_genomicΩJBCUGQ010000007.1_4	UniRef100_Q01PW4~K03092	65.9	534	159	4	1	511	1	534	5.01e-233	656
GCA_055850635.1_ASM5585063v1_genomicΩJBCUGQ010000001.1_483	UniRef100_Q01P47~K08307	48.6	477	233	7	5	476	15	484	1.36e-137	414
GCA_055850635.1_ASM5585063v1_genomicΩJBCUGQ010000005.1_76	UniRef100_Q01SL5~K00602	69.5	511	154	2	1	511	1	509	3.07e-244	684
GCA_055850635.1_ASM5585063v1_genomicΩJBCUGQ010000016.1_7	UniRef100_A0A1A9F1K6~K07793	53.3	492	225	2	13	499	14	505	2.10e-163	478
GCA_055850635.1_ASM5585063v1_genomicΩJBCUGQ010000003.1_312	UniRef100_Q02AX1~K03086	75.7	510	123	1	1	510	10	518	1.71e-257	717
GCA_055850635.1_ASM5585063v1_genomicΩJBCUGQ010000001.1_816	UniRef100_F6AV10~K21105	37.4	497	251	15	56	507	83	564	3.14e-91	295
GCA_055850635.1_ASM5585063v1_genomicΩJBCUGQ010000002.1_232	UniRef100_K0I4F4~K21105	35.0	545	283	18	11	507	36	557	2.00e-82	272
GCA_055850635.1_ASM5585063v1_genomicΩJBCUGQ010000002.1_12	UniRef100_A0A0H3A6Z2~K06400	44.0	507	265	6	14	506	5	506	7.34e-135	405
GCA_055850635.1_ASM5585063v1_genomicΩJBCUGQ010000003.1_66	UniRef100_A0A0F7KN65~K21105	35.9	448	265	8	69	505	58	494	1.80e-92	296
GCA_055850635.1_ASM5585063v1_genomicΩJBCUGQ010000002.1_157	UniRef100_Q02CT2~K00342	70.0	490	142	2	1	486	1	489	2.10e-243	682
GCA_055850635.1_ASM5585063v1_genomicΩJBCUGQ010000001.1_200	UniRef100_Q026G7~K00114	70.9	498	143	1	10	507	15	510	4.92e-280	774
GCA_055850635.1_ASM5585063v1_genomicΩJBCUGQ010000001.1_596	UniRef100_Q01QK0~K13832	65.0	492	171	1	7	498	8	498	2.37e-223	630
GCA_055850635.1_ASM5585063v1_genomicΩJBCUGQ010000001.1_193	UniRef100_Q02BU3~K02111	79.7	503	102	0	1	503	1	503	2.40e-285	788
GCA_055850635.1_ASM5585063v1_genomicΩJBCUGQ010000020.1_2	UniRef100_A0A1B1YU22~K00697	63.5	496	176	4	1	495	14	505	9.12e-232	652
GCA_055850635.1_ASM5585063v1_genomicΩJBCUGQ010000001.1_636	UniRef100_Q01VE5~K01676	79.8	505	102	0	1	505	1	505	7.14e-299	822
GCA_055850635.1_ASM5585063v1_genomicΩJBCUGQ010000001.1_319	UniRef100_G7D3P4~K05889	45.5	503	235	12	31	502	111	605	5.72e-114	355
GCA_055850635.1_ASM5585063v1_genomicΩJBCUGQ010000001.1_252	UniRef100_Q01NM1~K07391	73.5	505	133	1	1	504	7	511	7.29e-268	743
GCA_055850635.1_ASM5585063v1_genomicΩJBCUGQ010000001.1_9	UniRef100_Q9F8U3~K12719	41.1	504	271	11	5	502	7	490	9.22e-96	305
GCA_055850635.1_ASM5585063v1_genomicΩJBCUGQ010000006.1_137	UniRef100_A0A0F7KN65~K21105	37.0	451	259	11	65	503	59	496	1.45e-93	299
GCA_055850635.1_ASM5585063v1_genomicΩJBCUGQ010000002.1_276	UniRef100_Q1ISS4~K15633	59.1	528	184	5	5	500	5	532	7.47e-219	620
GCA_055850635.1_ASM5585063v1_genomicΩJBCUGQ010000001.1_356	UniRef100_E0TC27~K01113	50.8	484	208	7	31	484	36	519	1.33e-157	465
GCA_055850635.1_ASM5585063v1_genomicΩJBCUGQ010000003.1_67	UniRef100_A0A0F7KN65~K21105	41.1	455	236	12	63	501	58	496	7.63e-103	323
GCA_055850635.1_ASM5585063v1_genomicΩJBCUGQ010000001.1_513	UniRef100_Q02AW3~K00854	71.6	486	135	2	6	491	2	484	1.11e-247	691
GCA_055850635.1_ASM5585063v1_genomicΩJBCUGQ010000001.1_23	UniRef100_Q01VT4~K00036	66.5	508	147	6	12	500	9	512	1.42e-241	677
GCA_055850635.1_ASM5585063v1_genomicΩJBCUGQ010000006.1_156	UniRef100_Q01Q43~K01928	62.9	490	182	0	1	490	1	490	2.11e-214	607
GCA_055850635.1_ASM5585063v1_genomicΩJBCUGQ010000002.1_23	UniRef100_W0E4P5~K00297	39.2	480	244	14	59	501	56	524	1.07e-93	300
GCA_055850635.1_ASM5585063v1_genomicΩJBCUGQ010000001.1_682	UniRef100_G2LEM8~K04771	47.3	486	226	9	19	496	43	506	2.51e-128	389
GCA_055850635.1_ASM5585063v1_genomicΩJBCUGQ010000001.1_703	UniRef100_A0A0A3ZB87~K07644	30.3	469	307	7	13	473	7	463	2.29e-57	203
GCA_055850635.1_ASM5585063v1_genomicΩJBCUGQ010000004.1_222	UniRef100_W0RQU6~K00797	70.8	500	143	1	1	497	1	500	1.06e-243	681
GCA_055850635.1_ASM5585063v1_genomicΩJBCUGQ010000004.1_205	UniRef100_Q025X1~K03405	73.9	482	123	2	2	481	3	483	1.42e-257	716
GCA_055850635.1_ASM5585063v1_genomicΩJBCUGQ010000001.1_474	UniRef100_Q02BS5~K00283	73.0	489	132	0	1	489	1	489	3.32e-266	738
GCA_055850635.1_ASM5585063v1_genomicΩJBCUGQ010000005.1_33	UniRef100_Q029V7~K03294	67.8	490	158	0	1	490	1	490	3.65e-236	662
GCA_055850635.1_ASM5585063v1_genomicΩJBCUGQ010000001.1_471	UniRef100_Q01PU9~K01848	73.3	491	131	0	5	495	8	498	3.82e-248	692
GCA_055850635.1_ASM5585063v1_genomicΩJBCUGQ010000001.1_102	UniRef100_F2NH56~K07263	33.7	472	252	6	21	489	27	440	1.86e-71	240
GCA_055850635.1_ASM5585063v1_genomicΩJBCUGQ010000005.1_148	UniRef100_F2NDU1~K00560	44.9	506	249	6	1	493	1	489	2.32e-127	385
GCA_055850635.1_ASM5585063v1_genomicΩJBCUGQ010000003.1_264	UniRef100_Q028Q8~K03820	50.6	488	226	5	1	480	1	481	4.11e-142	422
GCA_055850635.1_ASM5585063v1_genomicΩJBCUGQ010000001.1_707	UniRef100_Q027G5~K01961	62.0	498	185	1	1	494	1	498	1.04e-206	587
GCA_055850635.1_ASM5585063v1_genomicΩJBCUGQ010000007.1_58	UniRef100_A0A0K2DA77~K00128	77.4	492	111	0	2	493	1	492	4.38e-282	778
GCA_055850635.1_ASM5585063v1_genomicΩJBCUGQ010000003.1_99	UniRef100_Q1AVE2~K00851	46.6	487	241	8	11	488	11	487	2.80e-128	387
GCA_055850635.1_ASM5585063v1_genomicΩJBCUGQ010000001.1_209	UniRef100_Q029N7~K03294	71.5	481	136	1	2	481	13	493	1.69e-244	683
GCA_055850635.1_ASM5585063v1_genomicΩJBCUGQ010000011.1_39	UniRef100_Q023Q8~K03797	49.1	479	239	2	14	487	6	484	1.41e-155	457
GCA_055850635.1_ASM5585063v1_genomicΩJBCUGQ010000002.1_262	UniRef100_W9D5E1~K01854	48.9	489	225	6	1	466	1	487	1.48e-163	478
GCA_055850635.1_ASM5585063v1_genomicΩJBCUGQ010000001.1_1172	UniRef100_Q026C1~K17759&K17758	53.1	514	199	13	8	487	1	506	1.05e-139	417
GCA_055850635.1_ASM5585063v1_genomicΩJBCUGQ010000002.1_268	UniRef100_Q02D79~K13542	70.5	484	137	2	2	485	4	481	2.12e-230	647
GCA_055850635.1_ASM5585063v1_genomicΩJBCUGQ010000001.1_558	UniRef100_Q01WC2~K00128	69.6	470	143	0	17	486	43	512	8.96e-237	664
GCA_055850635.1_ASM5585063v1_genomicΩJBCUGQ010000011.1_58	UniRef100_Q01P01~K02434	71.1	491	139	2	1	488	1	491	3.77e-249	694
GCA_055850635.1_ASM5585063v1_genomicΩJBCUGQ010000002.1_253	UniRef100_A0A0K2SNY0~K00140	57.6	476	199	1	15	487	14	489	1.68e-194	556
GCA_055850635.1_ASM5585063v1_genomicΩJBCUGQ010000001.1_840	UniRef100_Q1IUF0~K06131	38.8	425	241	8	73	487	20	435	2.09e-87	280
GCA_055850635.1_ASM5585063v1_genomicΩJBCUGQ010000001.1_712	UniRef100_A0A0C4YA22~K00128	60.8	477	184	3	12	488	10	483	2.06e-196	560
GCA_055850635.1_ASM5585063v1_genomicΩJBCUGQ010000001.1_460	UniRef100_Q01WJ8~K01885	70.9	478	133	2	6	483	1	472	6.30e-243	678
GCA_055850635.1_ASM5585063v1_genomicΩJBCUGQ010000013.1_3	UniRef100_Q02AX1~K03086	55.3	452	195	3	36	480	54	505	2.41e-145	432
GCA_055850635.1_ASM5585063v1_genomicΩJBCUGQ010000009.1_66	UniRef100_B0C166~K03307	32.3	493	306	9	8	487	4	481	2.59e-56	201
GCA_055850635.1_ASM5585063v1_genomicΩJBCUGQ010000003.1_27	UniRef100_Q01RV8~K00088	80.0	486	95	1	1	486	16	499	1.76e-274	759
GCA_055850635.1_ASM5585063v1_genomicΩJBCUGQ010000005.1_98	UniRef100_F6CIF1~K07714	48.5	460	222	6	22	479	5	451	2.46e-136	406
GCA_055850635.1_ASM5585063v1_genomicΩJBCUGQ010000001.1_799	UniRef100_Q01T11~K07636	54.2	478	212	3	1	472	1	477	2.15e-159	466
GCA_055850635.1_ASM5585063v1_genomicΩJBCUGQ010000001.1_1177	UniRef100_Q0TZ02~K17724	41.4	413	188	6	43	447	3	369	1.25e-88	282
GCA_055850635.1_ASM5585063v1_genomicΩJBCUGQ010000001.1_263	UniRef100_Q01NE0~K02005	54.9	481	210	1	1	481	1	474	5.08e-122	370
GCA_055850635.1_ASM5585063v1_genomicΩJBCUGQ010000002.1_185	UniRef100_G2LHN2~K03319	47.0	457	228	3	41	483	32	488	7.88e-138	411
GCA_055850635.1_ASM5585063v1_genomicΩJBCUGQ010000002.1_158	UniRef100_Q02CT1~K00343	62.5	488	174	6	1	483	1	484	2.33e-197	563
GCA_055850635.1_ASM5585063v1_genomicΩJBCUGQ010000005.1_164	UniRef100_Q01ZK3~K03182	80.3	482	94	1	1	482	1	481	9.17e-297	814
GCA_055850635.1_ASM5585063v1_genomicΩJBCUGQ010000004.1_186	UniRef100_Q027I0~K01881	78.5	480	103	0	1	480	1	480	2.03e-290	798
GCA_055850635.1_ASM5585063v1_genomicΩJBCUGQ010000002.1_346	UniRef100_Q1AZG3~K01426	61.0	467	182	0	5	471	4	470	2.67e-195	557
GCA_055850635.1_ASM5585063v1_genomicΩJBCUGQ010000001.1_906	UniRef100_D1CDS6~K00104	66.8	476	154	1	5	480	12	483	8.25e-230	645
GCA_055850635.1_ASM5585063v1_genomicΩJBCUGQ010000001.1_729	UniRef100_Q029J4~K01255	64.4	486	158	6	1	479	1	478	6.51e-207	587
GCA_055850635.1_ASM5585063v1_genomicΩJBCUGQ010000002.1_269	UniRef100_Q02AM6~K07016	54.0	491	200	6	2	477	4	483	9.74e-163	474
GCA_055850635.1_ASM5585063v1_genomicΩJBCUGQ010000001.1_1296	UniRef100_C0QSW5~K00996	36.6	402	238	7	88	479	71	465	1.13e-69	235
GCA_055850635.1_ASM5585063v1_genomicΩJBCUGQ010000001.1_649	UniRef100_A0A143PIH9~K21147	63.2	478	174	2	4	479	5	482	7.52e-223	627
GCA_055850635.1_ASM5585063v1_genomicΩJBCUGQ010000001.1_162	UniRef100_E8X273~K02433	50.1	469	224	5	20	479	38	505	1.58e-141	422
GCA_055850635.1_ASM5585063v1_genomicΩJBCUGQ010000010.1_62	UniRef100_Q01W32~K02600	71.7	448	121	1	3	450	22	463	4.61e-224	632
GCA_055850635.1_ASM5585063v1_genomicΩJBCUGQ010000004.1_53	UniRef100_Q02AA2~K07259	44.4	487	253	4	10	478	16	502	8.83e-117	358
GCA_055850635.1_ASM5585063v1_genomicΩJBCUGQ010000004.1_46	UniRef100_G2LKC5~K03294	62.4	481	175	3	3	478	5	484	8.41e-211	597
GCA_055850635.1_ASM5585063v1_genomicΩJBCUGQ010000001.1_340	UniRef100_Q01VU1~K01251	84.6	468	71	1	11	478	9	475	3.78e-298	817
GCA_055850635.1_ASM5585063v1_genomicΩJBCUGQ010000001.1_203	UniRef100_Q023N0~K00031	67.9	480	152	2	1	478	11	490	1.16e-235	660
GCA_055850635.1_ASM5585063v1_genomicΩJBCUGQ010000001.1_195	UniRef100_Q02BU1~K02112	83.4	476	79	0	1	476	6	481	3.89e-288	792
GCA_055850635.1_ASM5585063v1_genomicΩJBCUGQ010000011.1_42	UniRef100_A0A0C4WG24~K00135	60.5	461	179	1	16	476	24	481	8.09e-186	533
GCA_055850635.1_ASM5585063v1_genomicΩJBCUGQ010000001.1_660	UniRef100_Q02AA6~K03568	76.5	476	112	0	1	476	1	476	1.18e-264	733
GCA_055850635.1_ASM5585063v1_genomicΩJBCUGQ010000001.1_594	UniRef100_A7H7M5~K02433	46.6	474	233	6	7	473	6	466	2.24e-117	358
GCA_055850635.1_ASM5585063v1_genomicΩJBCUGQ010000001.1_437	UniRef100_Q01QG9~K03320	70.2	439	119	4	45	477	39	471	4.22e-207	587
GCA_055850635.1_ASM5585063v1_genomicΩJBCUGQ010000001.1_239	UniRef100_Q027C2~K01915	78.4	476	103	0	1	476	1	476	1.24e-282	778
GCA_055850635.1_ASM5585063v1_genomicΩJBCUGQ010000004.1_179	UniRef100_Q02A55~K02433	71.2	469	134	1	4	472	7	474	1.84e-235	659
GCA_055850635.1_ASM5585063v1_genomicΩJBCUGQ010000001.1_1127	UniRef100_D5C3M5~K14415	72.9	476	128	1	1	475	1	476	1.80e-249	694
GCA_055850635.1_ASM5585063v1_genomicΩJBCUGQ010000010.1_96	UniRef100_Q02BP4~K03641	46.3	464	235	6	15	471	8	464	1.75e-108	335
GCA_055850635.1_ASM5585063v1_genomicΩJBCUGQ010000009.1_88	UniRef100_Q7UMZ5~K01132	36.7	449	245	8	31	448	38	478	1.01e-83	272
GCA_055850635.1_ASM5585063v1_genomicΩJBCUGQ010000001.1_581	UniRef100_Q01TY4~K00764	81.3	470	87	1	6	474	2	471	4.19e-284	781
GCA_055850635.1_ASM5585063v1_genomicΩJBCUGQ010000001.1_288	UniRef100_Q02A94~K04567	68.1	495	134	2	1	471	1	495	1.11e-244	683
GCA_055850635.1_ASM5585063v1_genomicΩJBCUGQ010000002.1_343	UniRef100_D9S1K0~K00996	30.1	495	289	11	12	473	46	516	1.28e-48	180
GCA_055850635.1_ASM5585063v1_genomicΩJBCUGQ010000001.1_1309	UniRef100_A0A0F6W3M1~K00185	68.1	464	134	4	17	471	15	473	1.00e-232	652
GCA_055850635.1_ASM5585063v1_genomicΩJBCUGQ010000001.1_784	UniRef100_A0A1L6LBY6~K00955	55.5	474	194	4	12	469	10	482	5.24e-170	496
GCA_055850635.1_ASM5585063v1_genomicΩJBCUGQ010000001.1_325	UniRef100_Q02AC7~K18661	66.1	478	142	2	1	469	1	467	7.53e-218	613
GCA_055850635.1_ASM5585063v1_genomicΩJBCUGQ010000001.1_151	UniRef100_Q02CY3~K01915	81.2	469	88	0	5	473	1	469	2.15e-292	802
GCA_055850635.1_ASM5585063v1_genomicΩJBCUGQ010000011.1_79	UniRef100_Q01XS0~K01448	48.3	464	206	6	33	462	26	489	2.24e-105	328
GCA_055850635.1_ASM5585063v1_genomicΩJBCUGQ010000008.1_18	UniRef100_I4CCA8~K01912	43.9	458	251	3	1	452	1	458	2.13e-118	361
GCA_055850635.1_ASM5585063v1_genomicΩJBCUGQ010000007.1_103	UniRef100_E8U6R8~K19294	36.9	472	270	11	4	467	5	456	1.68e-78	257
GCA_055850635.1_ASM5585063v1_genomicΩJBCUGQ010000007.1_25	UniRef100_Q01YD9~K04042	50.9	454	223	0	3	456	8	461	5.01e-118	359
GCA_055850635.1_ASM5585063v1_genomicΩJBCUGQ010000002.1_53	UniRef100_Q01Z81~K01703	72.3	465	129	0	3	467	2	466	4.31e-248	690
GCA_055850635.1_ASM5585063v1_genomicΩJBCUGQ010000001.1_324	UniRef100_Q02C97~K00703	54.5	466	209	3	1	464	6	470	1.23e-177	511
GCA_055850635.1_ASM5585063v1_genomicΩJBCUGQ010000010.1_43	UniRef100_Q1M8V5~K15066	70.8	463	134	1	3	464	4	466	1.17e-252	701
GCA_055850635.1_ASM5585063v1_genomicΩJBCUGQ010000006.1_14	UniRef100_Q021Y7~K01883	71.0	465	135	0	1	465	1	465	2.51e-242	675
GCA_055850635.1_ASM5585063v1_genomicΩJBCUGQ010000005.1_118	UniRef100_W0J5B0~K00974	50.2	468	219	5	6	461	15	480	6.00e-145	429
GCA_055850635.1_ASM5585063v1_genomicΩJBCUGQ010000004.1_198	UniRef100_A0A1K1LFL7~K07713	45.8	454	243	3	6	459	1	451	8.84e-124	374
GCA_055850635.1_ASM5585063v1_genomicΩJBCUGQ010000002.1_367	UniRef100_A0A1L3JM45~K19294	42.0	495	240	12	5	466	4	484	3.89e-113	347
GCA_055850635.1_ASM5585063v1_genomicΩJBCUGQ010000002.1_227	UniRef100_Q027J5~K03294	60.9	445	173	1	7	450	11	455	5.30e-179	514
GCA_055850635.1_ASM5585063v1_genomicΩJBCUGQ010000001.1_752	UniRef100_B8CZD5~K01810	40.5	439	236	5	24	450	36	461	1.42e-93	297
GCA_055850635.1_ASM5585063v1_genomicΩJBCUGQ010000004.1_212	UniRef100_Q02CZ8~K00928	69.4	464	139	1	1	464	7	467	2.85e-216	610
GCA_055850635.1_ASM5585063v1_genomicΩJBCUGQ010000003.1_272	UniRef100_Q01ZY0~K00266	73.2	466	119	3	1	462	1	464	4.41e-252	700
GCA_055850635.1_ASM5585063v1_genomicΩJBCUGQ010000001.1_463	UniRef100_I0AMA8~K01593	49.0	471	226	4	1	459	8	476	7.51e-163	474
GCA_055850635.1_ASM5585063v1_genomicΩJBCUGQ010000014.1_22	UniRef100_Q01WB2~K03076	72.7	461	125	1	2	461	3	463	1.14e-239	668
GCA_055850635.1_ASM5585063v1_genomicΩJBCUGQ010000007.1_27	UniRef100_Q02AK5~K00382	68.9	463	144	0	1	463	1	463	6.13e-235	656
GCA_055850635.1_ASM5585063v1_genomicΩJBCUGQ010000006.1_11	UniRef100_Q01QT2~K04075	48.8	449	212	7	18	460	1	437	1.31e-124	375
GCA_055850635.1_ASM5585063v1_genomicΩJBCUGQ010000001.1_232	UniRef100_Q01UV3~K18827	50.1	469	218	6	1	464	1	458	3.32e-140	416
GCA_055850635.1_ASM5585063v1_genomicΩJBCUGQ010000011.1_52	UniRef100_A0A143PMF5~K02106	59.5	447	157	2	10	456	9	431	3.45e-166	481
GCA_055850635.1_ASM5585063v1_genomicΩJBCUGQ010000011.1_23	UniRef100_Q01VX7~K12960	60.0	460	179	3	1	456	1	459	3.95e-182	522
GCA_055850635.1_ASM5585063v1_genomicΩJBCUGQ010000007.1_88	UniRef100_A1T652~K01069	45.9	453	237	4	1	446	1	452	3.48e-115	352
GCA_055850635.1_ASM5585063v1_genomicΩJBCUGQ010000005.1_79	UniRef100_C1F177~K00322	72.2	460	127	1	1	459	1	460	1.13e-239	668
GCA_055850635.1_ASM5585063v1_genomicΩJBCUGQ010000007.1_109	UniRef100_L0EAS9~K03321	33.3	418	261	6	52	459	17	426	3.47e-58	203
GCA_055850635.1_ASM5585063v1_genomicΩJBCUGQ010000007.1_29	UniRef100_Q02AK3~K00658	67.1	474	111	4	1	461	1	442	3.85e-177	509
GCA_055850635.1_ASM5585063v1_genomicΩJBCUGQ010000003.1_64	UniRef100_Q028J0~K14441	74.1	460	114	1	1	455	1	460	6.63e-248	689
GCA_055850635.1_ASM5585063v1_genomicΩJBCUGQ010000001.1_844	UniRef100_I3ZGT7~K07713	54.4	456	193	4	7	461	5	446	2.10e-158	461
GCA_055850635.1_ASM5585063v1_genomicΩJBCUGQ010000006.1_104	UniRef100_A0A0K2SHN1~K01720	31.5	454	291	11	2	447	4	445	1.76e-35	143
GCA_055850635.1_ASM5585063v1_genomicΩJBCUGQ010000001.1_887	UniRef100_Q024T3~K01755	74.5	455	116	0	1	455	1	455	1.07e-240	671
GCA_055850635.1_ASM5585063v1_genomicΩJBCUGQ010000006.1_150	UniRef100_Q01Q49~K01924	69.1	457	141	0	1	457	12	468	1.46e-217	612
GCA_055850635.1_ASM5585063v1_genomicΩJBCUGQ010000002.1_351	UniRef100_Q72LC6~K01436	50.6	435	203	4	17	450	3	426	2.91e-141	417
GCA_055850635.1_ASM5585063v1_genomicΩJBCUGQ010000002.1_81	UniRef100_Q027A9~K09458	71.0	414	119	1	47	459	22	435	3.77e-211	595
GCA_055850635.1_ASM5585063v1_genomicΩJBCUGQ010000014.1_36	UniRef100_Q02C32~K03305	47.9	468	233	3	1	457	36	503	4.34e-142	422
GCA_055850635.1_ASM5585063v1_genomicΩJBCUGQ010000006.1_155	UniRef100_Q01Q44~K01929	59.5	447	175	3	1	446	1	442	1.18e-172	497
GCA_055850635.1_ASM5585063v1_genomicΩJBCUGQ010000003.1_284	UniRef100_D9QIV4~K15064	62.3	456	170	2	1	454	1	456	5.29e-211	595
GCA_055850635.1_ASM5585063v1_genomicΩJBCUGQ010000012.1_15	UniRef100_A0A1D8AZ23~K01669	55.2	475	181	3	10	455	14	485	3.59e-185	531
GCA_055850635.1_ASM5585063v1_genomicΩJBCUGQ010000007.1_154	UniRef100_Q021P1~K00325	68.4	450	135	2	9	452	8	456	1.55e-211	597
GCA_055850635.1_ASM5585063v1_genomicΩJBCUGQ010000001.1_874	UniRef100_Q01NL9~K02314	66.7	457	148	3	1	456	1	454	1.34e-210	594
GCA_055850635.1_ASM5585063v1_genomicΩJBCUGQ010000011.1_55	UniRef100_Q1M8V5~K15066	59.0	456	181	3	2	452	3	457	9.13e-195	554
GCA_055850635.1_ASM5585063v1_genomicΩJBCUGQ010000001.1_206	UniRef100_A0A1S6F2Z4~K08195	49.0	437	216	3	2	436	4	435	2.03e-143	423
GCA_055850635.1_ASM5585063v1_genomicΩJBCUGQ010000001.1_91	UniRef100_Q021K3~K13599	73.8	454	118	1	1	454	1	453	9.74e-236	657
GCA_055850635.1_ASM5585063v1_genomicΩJBCUGQ010000007.1_147	UniRef100_A0A143PVE4~K02280	43.8	411	217	9	19	419	15	421	1.30e-91	290
GCA_055850635.1_ASM5585063v1_genomicΩJBCUGQ010000007.1_145	UniRef100_Q01YZ1~K02283	76.3	439	103	1	14	452	13	450	3.07e-232	649
GCA_055850635.1_ASM5585063v1_genomicΩJBCUGQ010000003.1_149	UniRef100_G8P039~K02478	42.4	436	230	9	6	433	10	432	1.91e-84	272
GCA_055850635.1_ASM5585063v1_genomicΩJBCUGQ010000001.1_972	UniRef100_Q028Z8~K03147	82.9	450	77	0	1	450	1	450	3.02e-278	765
GCA_055850635.1_ASM5585063v1_genomicΩJBCUGQ010000001.1_227	UniRef100_Q01QL6~K02396	39.0	479	261	8	1	453	1	474	2.00e-88	283
GCA_055850635.1_ASM5585063v1_genomicΩJBCUGQ010000006.1_67	UniRef100_D7BC98~K00012	67.7	452	144	2	1	450	1	452	7.55e-219	615
GCA_055850635.1_ASM5585063v1_genomicΩJBCUGQ010000002.1_217	UniRef100_Q024L4~K03106	76.8	452	103	1	1	452	1	450	1.96e-242	674
GCA_055850635.1_ASM5585063v1_genomicΩJBCUGQ010000001.1_693	UniRef100_Q01Q20~K03667	83.4	452	75	0	1	452	1	452	9.09e-259	716
GCA_055850635.1_ASM5585063v1_genomicΩJBCUGQ010000001.1_159	UniRef100_Q01W08~K00231	51.1	454	213	3	1	445	1	454	1.60e-150	441
GCA_055850635.1_ASM5585063v1_genomicΩJBCUGQ010000009.1_87	UniRef100_Q027B2~K03431	58.8	444	181	1	2	443	3	446	8.94e-167	482
GCA_055850635.1_ASM5585063v1_genomicΩJBCUGQ010000009.1_63	UniRef100_Q01RU5~K06168	73.3	435	115	1	16	449	7	441	2.76e-237	661
GCA_055850635.1_ASM5585063v1_genomicΩJBCUGQ010000002.1_17	UniRef100_G0L1W0~K03535	37.4	409	241	6	11	412	10	410	1.41e-86	276
GCA_055850635.1_ASM5585063v1_genomicΩJBCUGQ010000001.1_993	UniRef100_Q01QM4~K11749	53.3	443	201	5	1	439	1	441	1.67e-148	436
GCA_055850635.1_ASM5585063v1_genomicΩJBCUGQ010000001.1_614	UniRef100_Q01XY5~K00763	59.0	442	171	3	8	449	4	435	1.85e-171	494
GCA_055850635.1_ASM5585063v1_genomicΩJBCUGQ010000001.1_575	UniRef100_A0A1B1YXF0~K08195	36.5	386	238	3	21	403	5	386	3.76e-62	213
GCA_055850635.1_ASM5585063v1_genomicΩJBCUGQ010000005.1_125	UniRef100_Q023M0~K07576	62.0	453	168	2	1	449	16	468	5.25e-198	562
GCA_055850635.1_ASM5585063v1_genomicΩJBCUGQ010000002.1_8	UniRef100_I0II62~K01154	44.6	433	223	2	9	440	12	428	3.00e-117	356
GCA_055850635.1_ASM5585063v1_genomicΩJBCUGQ010000001.1_285	UniRef100_Q02D49~K02313	62.5	435	160	1	16	447	2	436	2.00e-192	547
GCA_055850635.1_ASM5585063v1_genomicΩJBCUGQ010000011.1_89	UniRef100_Q01R25~K00928	65.1	456	152	1	1	449	1	456	1.85e-189	540
GCA_055850635.1_ASM5585063v1_genomicΩJBCUGQ010000009.1_22	UniRef100_Q02CL6~K02575	71.7	445	125	1	1	444	1	445	6.95e-224	627
GCA_055850635.1_ASM5585063v1_genomicΩJBCUGQ010000007.1_47	UniRef100_E8WKX4~K13599	49.7	449	213	4	6	441	5	453	2.28e-136	405
GCA_055850635.1_ASM5585063v1_genomicΩJBCUGQ010000011.1_47	UniRef100_D1C581~K03313	57.0	435	183	3	13	446	3	434	2.47e-155	453
GCA_055850635.1_ASM5585063v1_genomicΩJBCUGQ010000002.1_358	UniRef100_Q1CRD2~K00088	35.4	421	261	3	14	432	27	438	9.35e-76	249
GCA_055850635.1_ASM5585063v1_genomicΩJBCUGQ010000001.1_1121	UniRef100_A0A1V3WFU0~K00763	62.0	439	165	1	7	443	9	447	6.40e-173	498
GCA_055850635.1_ASM5585063v1_genomicΩJBCUGQ010000001.1_444	UniRef100_Q01SS5~K01667	76.3	448	106	0	1	448	1	448	1.29e-249	692
GCA_055850635.1_ASM5585063v1_genomicΩJBCUGQ010000011.1_56	UniRef100_A4Z236~K01271	58.3	408	169	1	2	408	30	437	2.70e-170	491
GCA_055850635.1_ASM5585063v1_genomicΩJBCUGQ010000007.1_49	UniRef100_Q01NR0~K01961	70.7	440	129	0	2	441	6	445	1.32e-217	611
GCA_055850635.1_ASM5585063v1_genomicΩJBCUGQ010000002.1_348	UniRef100_Q01Y19~K00104	52.9	401	169	5	48	429	1	400	2.27e-132	393
GCA_055850635.1_ASM5585063v1_genomicΩJBCUGQ010000001.1_661	UniRef100_Q02AA7~K03592	61.8	445	170	0	3	447	6	450	3.28e-191	544
GCA_055850635.1_ASM5585063v1_genomicΩJBCUGQ010000001.1_315	UniRef100_A0A0F6SDU2~K00342	35.4	407	253	5	48	446	76	480	1.28e-51	187
GCA_055850635.1_ASM5585063v1_genomicΩJBCUGQ010000008.1_127	UniRef100_A0A0E3Q4P0~K06885	51.8	436	202	3	11	445	1	429	6.58e-155	451
GCA_055850635.1_ASM5585063v1_genomicΩJBCUGQ010000001.1_980	UniRef100_Q01RW7~K00425	69.7	435	131	1	3	436	2	436	1.07e-227	636
GCA_055850635.1_ASM5585063v1_genomicΩJBCUGQ010000001.1_152	UniRef100_Q02CA6~K03601	56.3	446	191	2	1	442	1	446	3.56e-152	445
GCA_055850635.1_ASM5585063v1_genomicΩJBCUGQ010000001.1_991	UniRef100_Q02A42~K03650	69.6	444	128	4	5	445	5	444	3.48e-203	574
GCA_055850635.1_ASM5585063v1_genomicΩJBCUGQ010000006.1_55	UniRef100_Q02D36~K01945	61.5	403	149	4	37	435	1	401	1.54e-152	444
GCA_055850635.1_ASM5585063v1_genomicΩJBCUGQ010000001.1_1038	UniRef100_Q0TZ02~K17724	36.9	445	226	8	4	440	3	400	4.21e-78	254
GCA_055850635.1_ASM5585063v1_genomicΩJBCUGQ010000001.1_975	UniRef100_L0EAS9~K03321	32.1	393	259	3	30	420	17	403	1.11e-52	188
GCA_055850635.1_ASM5585063v1_genomicΩJBCUGQ010000008.1_113	UniRef100_Q01QX9~K02433	50.3	453	206	3	6	440	7	458	6.60e-135	401
GCA_055850635.1_ASM5585063v1_genomicΩJBCUGQ010000004.1_22	UniRef100_A4X8D8~K21164	38.3	441	263	6	9	442	12	450	2.63e-86	276
GCA_055850635.1_ASM5585063v1_genomicΩJBCUGQ010000002.1_186	UniRef100_A0A0H3KBL7~K03606	32.2	450	268	14	16	442	31	466	1.90e-44	167
GCA_055850635.1_ASM5585063v1_genomicΩJBCUGQ010000001.1_411	UniRef100_C9RD39~K07777	30.6	405	230	14	57	439	20	395	7.81e-23	106
GCA_055850635.1_ASM5585063v1_genomicΩJBCUGQ010000008.1_91	UniRef100_Q028K2~K01733	72.5	432	119	0	10	441	3	434	8.63e-222	621
GCA_055850635.1_ASM5585063v1_genomicΩJBCUGQ010000004.1_172	UniRef100_Q025A2~K00823	67.6	438	141	1	2	438	12	449	9.06e-219	614
GCA_055850635.1_ASM5585063v1_genomicΩJBCUGQ010000001.1_314	UniRef100_Q7UF66~K05577	42.9	413	224	3	7	407	11	423	1.56e-98	308
GCA_055850635.1_ASM5585063v1_genomicΩJBCUGQ010000001.1_175	UniRef100_Q01N99~K20265	53.7	434	201	0	4	437	6	439	1.08e-168	486
GCA_055850635.1_ASM5585063v1_genomicΩJBCUGQ010000001.1_674	UniRef100_A0A0F7KR23~K21430	56.7	379	154	6	69	439	46	422	2.00e-147	432
GCA_055850635.1_ASM5585063v1_genomicΩJBCUGQ010000001.1_895	UniRef100_A0A1Y0HW57~K13049	32.3	439	249	10	33	435	16	442	4.10e-38	149
GCA_055850635.1_ASM5585063v1_genomicΩJBCUGQ010000001.1_464	UniRef100_Q024Z9~K01756	74.0	434	113	0	5	438	1	434	3.67e-223	624
GCA_055850635.1_ASM5585063v1_genomicΩJBCUGQ010000009.1_46	UniRef100_Q027H1~K07713	62.9	437	156	3	1	436	1	432	1.02e-188	537
GCA_055850635.1_ASM5585063v1_genomicΩJBCUGQ010000005.1_86	UniRef100_Q029M8~K01858	76.4	436	103	0	3	438	4	439	1.33e-251	696
GCA_055850635.1_ASM5585063v1_genomicΩJBCUGQ010000010.1_59	UniRef100_G2LDV9~K01893	66.1	437	139	2	7	437	17	450	1.86e-209	590
GCA_055850635.1_ASM5585063v1_genomicΩJBCUGQ010000008.1_32	UniRef100_A0A0S3PII0~K09691	46.7	428	214	6	1	420	1	422	5.98e-116	352
GCA_055850635.1_ASM5585063v1_genomicΩJBCUGQ010000001.1_258	UniRef100_Q01P59~K00823	67.3	425	137	2	1	424	1	424	7.60e-215	603
GCA_055850635.1_ASM5585063v1_genomicΩJBCUGQ010000005.1_172	UniRef100_Q02C61~K02412	67.6	432	140	0	3	434	5	436	3.96e-201	569
GCA_055850635.1_ASM5585063v1_genomicΩJBCUGQ010000004.1_248	UniRef100_Q7NF03~K03309	50.0	428	203	6	1	421	7	430	7.31e-125	375
GCA_055850635.1_ASM5585063v1_genomicΩJBCUGQ010000004.1_38	UniRef100_Q31QT4~K02005	31.6	380	219	10	56	409	66	430	1.27e-14	82.4
GCA_055850635.1_ASM5585063v1_genomicΩJBCUGQ010000001.1_928	UniRef100_Q024N1~K06901	67.7	433	140	0	1	433	6	438	1.38e-189	539
GCA_055850635.1_ASM5585063v1_genomicΩJBCUGQ010000001.1_472	UniRef100_A0A160UDT8~K01578	48.3	408	199	5	29	430	37	438	1.89e-124	374
GCA_055850635.1_ASM5585063v1_genomicΩJBCUGQ010000001.1_462	UniRef100_E3JAW1~K00121	33.1	387	213	7	49	428	10	357	2.64e-54	190
GCA_055850635.1_ASM5585063v1_genomicΩJBCUGQ010000005.1_234	UniRef100_Q01VY1~K00758	69.1	434	134	0	1	434	1	434	1.38e-204	577
GCA_055850635.1_ASM5585063v1_genomicΩJBCUGQ010000003.1_194	UniRef100_Q02BN2~K00003	64.1	434	155	1	1	434	18	450	9.42e-190	540
GCA_055850635.1_ASM5585063v1_genomicΩJBCUGQ010000001.1_1255	UniRef100_Q02C58~K04094	68.6	439	125	3	1	427	1	438	6.76e-203	573
GCA_055850635.1_ASM5585063v1_genomicΩJBCUGQ010000001.1_964	UniRef100_Q01XQ9~K13015	74.6	429	109	0	6	434	14	442	1.09e-245	681
GCA_055850635.1_ASM5585063v1_genomicΩJBCUGQ010000001.1_676	UniRef100_Q026Q7~K01939	67.5	434	141	0	1	434	1	434	7.71e-216	605
GCA_055850635.1_ASM5585063v1_genomicΩJBCUGQ010000001.1_379	UniRef100_Q029X1~K03665	66.2	390	118	3	53	428	1	390	6.13e-155	449
GCA_055850635.1_ASM5585063v1_genomicΩJBCUGQ010000001.1_279	UniRef100_C1F9N9~K15011	47.4	428	206	8	13	430	58	476	1.08e-112	345
GCA_055850635.1_ASM5585063v1_genomicΩJBCUGQ010000006.1_153	UniRef100_Q01Q46~K01925	59.7	437	164	5	4	429	3	438	9.73e-153	446
GCA_055850635.1_ASM5585063v1_genomicΩJBCUGQ010000004.1_276	UniRef100_G4ZP25~K17732	31.9	411	267	5	20	420	41	448	2.27e-60	209
GCA_055850635.1_ASM5585063v1_genomicΩJBCUGQ010000004.1_67	UniRef100_A9WGR7~K06902	55.2	431	187	3	2	426	3	433	9.70e-154	448
GCA_055850635.1_ASM5585063v1_genomicΩJBCUGQ010000003.1_234	UniRef100_Q01X95~K00261	69.7	416	126	0	17	432	19	434	1.01e-215	605
GCA_055850635.1_ASM5585063v1_genomicΩJBCUGQ010000002.1_159	UniRef100_D6XUS7~K08177	43.1	415	215	5	14	425	4	400	2.67e-115	349
GCA_055850635.1_ASM5585063v1_genomicΩJBCUGQ010000012.1_17	UniRef100_A0A143PTC0~K00574	58.3	405	166	3	5	407	2	405	2.17e-161	467
GCA_055850635.1_ASM5585063v1_genomicΩJBCUGQ010000011.1_80	UniRef100_Q01PZ8~K07502	55.6	410	177	2	1	410	1	405	1.06e-142	419
GCA_055850635.1_ASM5585063v1_genomicΩJBCUGQ010000004.1_121	UniRef100_A0A0E3Z0V4~K08191	70.2	423	125	1	9	431	5	426	1.80e-209	589
GCA_055850635.1_ASM5585063v1_genomicΩJBCUGQ010000003.1_97	UniRef100_Q026Q4~K03545	58.9	418	171	1	1	417	1	418	1.21e-170	490
GCA_055850635.1_ASM5585063v1_genomicΩJBCUGQ010000001.1_1158	UniRef100_A0A0K2DHX6~K21430	43.1	390	161	8	53	430	28	368	5.49e-97	301
GCA_055850635.1_ASM5585063v1_genomicΩJBCUGQ010000012.1_38	UniRef100_I3ZJ86~K15725	46.8	402	213	1	29	430	27	427	2.51e-112	342
GCA_055850635.1_ASM5585063v1_genomicΩJBCUGQ010000005.1_143	UniRef100_Q01VH3~K07478	70.6	425	124	1	1	425	1	424	2.19e-214	602
GCA_055850635.1_ASM5585063v1_genomicΩJBCUGQ010000002.1_151	UniRef100_Q02CT8~K00335	73.8	423	110	1	5	426	2	424	3.33e-240	667
GCA_055850635.1_ASM5585063v1_genomicΩJBCUGQ010000001.1_908	UniRef100_E6SBM9~K11473	56.8	421	181	1	3	423	36	455	3.09e-165	478
GCA_055850635.1_ASM5585063v1_genomicΩJBCUGQ010000004.1_210	UniRef100_A0A0D5NCY1~K07799	47.1	367	163	5	33	397	47	384	3.91e-94	294
GCA_055850635.1_ASM5585063v1_genomicΩJBCUGQ010000004.1_81	UniRef100_Q1IQV2~K00514	43.2	456	222	10	4	428	22	471	1.17e-109	337
GCA_055850635.1_ASM5585063v1_genomicΩJBCUGQ010000002.1_275	UniRef100_Q01YD1~K01689	77.6	424	92	2	3	425	4	425	6.44e-228	635
GCA_055850635.1_ASM5585063v1_genomicΩJBCUGQ010000001.1_299	UniRef100_Q01PS7~K09691	67.4	423	131	3	5	420	3	425	9.23e-195	552
GCA_055850635.1_ASM5585063v1_genomicΩJBCUGQ010000002.1_126	UniRef100_A0A0C5L6B8~K03535	35.3	411	255	5	17	419	13	420	1.28e-67	227
GCA_055850635.1_ASM5585063v1_genomicΩJBCUGQ010000010.1_66	UniRef100_Q01V55~K01465	71.9	423	119	0	1	423	1	423	5.15e-218	610
GCA_055850635.1_ASM5585063v1_genomicΩJBCUGQ010000003.1_136	UniRef100_A0A143PQ07~K15725	40.5	410	230	4	23	424	35	438	1.35e-66	224
GCA_055850635.1_ASM5585063v1_genomicΩJBCUGQ010000002.1_355	UniRef100_A5VAU6~K15060	64.3	420	149	1	1	420	1	419	9.76e-221	617
GCA_055850635.1_ASM5585063v1_genomicΩJBCUGQ010000002.1_260	UniRef100_Q01QZ0~K00600	71.7	420	119	0	1	420	1	420	1.05e-223	625
GCA_055850635.1_ASM5585063v1_genomicΩJBCUGQ010000002.1_252	UniRef100_A0A143PN83~K11173	75.6	426	104	0	1	426	1	426	2.71e-226	631
GCA_055850635.1_ASM5585063v1_genomicΩJBCUGQ010000001.1_1251	UniRef100_Q02A90~K03977	65.3	427	142	3	1	424	8	431	8.30e-189	537
GCA_055850635.1_ASM5585063v1_genomicΩJBCUGQ010000001.1_655	UniRef100_A0A089PT33~K02615	65.6	401	138	0	26	426	1	401	4.71e-181	516
GCA_055850635.1_ASM5585063v1_genomicΩJBCUGQ010000001.1_475	UniRef100_Q02BS4~K00282	69.0	423	130	1	1	423	14	435	3.49e-204	576
GCA_055850635.1_ASM5585063v1_genomicΩJBCUGQ010000003.1_252	UniRef100_Q01Q26~K00800	63.0	427	154	2	1	424	1	426	1.26e-174	500
GCA_055850635.1_ASM5585063v1_genomicΩJBCUGQ010000001.1_49	UniRef100_L7UN02~K18912	37.4	439	243	13	6	423	19	446	1.52e-66	224
GCA_055850635.1_ASM5585063v1_genomicΩJBCUGQ010000005.1_254	UniRef100_C1F5Z2~K01754	62.8	400	149	0	23	422	3	402	8.36e-162	467
GCA_055850635.1_ASM5585063v1_genomicΩJBCUGQ010000003.1_8	UniRef100_Q024V4~K01875	70.9	423	122	1	1	423	1	422	2.13e-224	626
GCA_055850635.1_ASM5585063v1_genomicΩJBCUGQ010000007.1_54	UniRef100_A0A075K8H7~K03535	35.6	407	262	0	9	415	10	416	1.58e-83	268
GCA_055850635.1_ASM5585063v1_genomicΩJBCUGQ010000002.1_373	UniRef100_Q02BK7~K00066	63.2	419	154	0	4	422	18	436	1.20e-183	524
GCA_055850635.1_ASM5585063v1_genomicΩJBCUGQ010000002.1_266	UniRef100_Q022E5~K02492	62.1	419	159	0	1	419	1	419	3.82e-174	499
GCA_055850635.1_ASM5585063v1_genomicΩJBCUGQ010000001.1_16	UniRef100_I3UXQ1~K11747	30.5	364	221	10	28	386	28	364	1.62e-20	99.4
GCA_055850635.1_ASM5585063v1_genomicΩJBCUGQ010000012.1_5	UniRef100_Q01SJ3~K15725	46.8	419	217	4	3	418	2	417	1.93e-101	313
GCA_055850635.1_ASM5585063v1_genomicΩJBCUGQ010000005.1_208	UniRef100_A4YXN2~K07749	57.7	426	168	5	2	420	3	423	1.09e-164	475
GCA_055850635.1_ASM5585063v1_genomicΩJBCUGQ010000004.1_185	UniRef100_Q028R2~K07403	58.7	407	167	1	13	418	22	428	1.93e-156	454
GCA_055850635.1_ASM5585063v1_genomicΩJBCUGQ010000001.1_405	UniRef100_Q026Q3~K03544	83.7	424	66	2	1	421	1	424	1.66e-253	700
GCA_055850635.1_ASM5585063v1_genomicΩJBCUGQ010000001.1_642	UniRef100_Q02AY9~K11529	56.0	436	156	6	4	419	8	427	3.48e-142	418
GCA_055850635.1_ASM5585063v1_genomicΩJBCUGQ010000010.1_106	UniRef100_Q3SSD4~K00571	38.1	441	224	6	8	416	39	462	4.10e-86	276
GCA_055850635.1_ASM5585063v1_genomicΩJBCUGQ010000003.1_50	UniRef100_Q01YQ2~K01845	71.5	411	117	0	5	415	5	415	1.79e-206	580
GCA_055850635.1_ASM5585063v1_genomicΩJBCUGQ010000009.1_16	UniRef100_Q01PT7~K00790	71.5	417	119	0	1	417	1	417	1.44e-198	560
GCA_055850635.1_ASM5585063v1_genomicΩJBCUGQ010000001.1_627	UniRef100_Q025H9~K13038	68.0	409	117	2	9	417	2	396	3.83e-182	518
GCA_055850635.1_ASM5585063v1_genomicΩJBCUGQ010000005.1_187	UniRef100_Q02A27~K00975	71.2	413	118	1	1	412	1	413	2.23e-216	605
GCA_055850635.1_ASM5585063v1_genomicΩJBCUGQ010000001.1_785	UniRef100_A0A127F1H2~K18235	61.8	406	148	4	12	415	10	410	1.49e-36	144
GCA_055850635.1_ASM5585063v1_genomicΩJBCUGQ010000001.1_176	UniRef100_Q01UR3~K11754	58.2	421	165	4	1	410	1	421	4.03e-153	445
GCA_055850635.1_ASM5585063v1_genomicΩJBCUGQ010000004.1_97	UniRef100_A0A120L4C5~K07181	34.9	401	254	4	16	412	5	402	3.59e-65	219
GCA_055850635.1_ASM5585063v1_genomicΩJBCUGQ010000003.1_56	UniRef100_Q028J4~K03742	60.3	411	162	1	2	411	1	411	7.15e-162	467
GCA_055850635.1_ASM5585063v1_genomicΩJBCUGQ010000001.1_185	UniRef100_Q02AR6~K03797	52.9	414	183	4	11	412	10	423	2.00e-144	423
GCA_055850635.1_ASM5585063v1_genomicΩJBCUGQ010000001.1_115	UniRef100_W0RML7~K00833	52.7	421	189	2	2	412	5	425	2.93e-149	436
GCA_055850635.1_ASM5585063v1_genomicΩJBCUGQ010000012.1_19	UniRef100_A0A0H3PXI5~K06954	46.6	414	217	2	1	411	2	414	3.13e-130	387
GCA_055850635.1_ASM5585063v1_genomicΩJBCUGQ010000009.1_119	UniRef100_Q028M4~K01892	69.2	413	123	2	1	413	1	409	3.55e-202	569
GCA_055850635.1_ASM5585063v1_genomicΩJBCUGQ010000004.1_249	UniRef100_B8GQK1~K21430	46.3	369	165	10	60	415	28	376	2.26e-93	291
GCA_055850635.1_ASM5585063v1_genomicΩJBCUGQ010000001.1_99	UniRef100_A9EQY4~K15576	66.0	379	127	2	39	415	61	439	7.22e-189	536
GCA_055850635.1_ASM5585063v1_genomicΩJBCUGQ010000008.1_17	UniRef100_W9D8Q9~K00786	38.3	407	235	8	2	398	9	409	4.82e-71	236
GCA_055850635.1_ASM5585063v1_genomicΩJBCUGQ010000005.1_206	UniRef100_A0A0S6U6T3~K08177	43.9	401	218	4	2	401	31	425	4.97e-111	338
GCA_055850635.1_ASM5585063v1_genomicΩJBCUGQ010000004.1_120	UniRef100_Q024C0~K01706	86.0	414	58	0	1	414	1	414	1.24e-269	740
GCA_055850635.1_ASM5585063v1_genomicΩJBCUGQ010000002.1_100	UniRef100_Q01PQ4~K02390	64.0	425	138	8	1	414	1	421	6.57e-173	495
GCA_055850635.1_ASM5585063v1_genomicΩJBCUGQ010000003.1_94	UniRef100_Q01ZY9~K02004	59.7	409	165	0	5	413	11	419	1.43e-161	466
GCA_055850635.1_ASM5585063v1_genomicΩJBCUGQ010000002.1_149	UniRef100_Q02CU0~K00333	73.3	386	103	0	28	413	24	409	2.05e-211	592
GCA_055850635.1_ASM5585063v1_genomicΩJBCUGQ010000002.1_61	UniRef100_Q029T9~K03526	79.2	404	84	0	1	404	1	404	1.47e-224	626
GCA_055850635.1_ASM5585063v1_genomicΩJBCUGQ010000001.1_494	UniRef100_Q025Z2~K01586	64.7	397	140	0	16	412	14	410	9.03e-178	507
GCA_055850635.1_ASM5585063v1_genomicΩJBCUGQ010000001.1_36	UniRef100_Q029W5~K09458	76.8	413	96	0	1	413	1	413	2.48e-234	650
GCA_055850635.1_ASM5585063v1_genomicΩJBCUGQ010000011.1_51	UniRef100_H6NLF0~K08369	31.6	408	259	9	9	409	9	403	4.73e-47	172
GCA_055850635.1_ASM5585063v1_genomicΩJBCUGQ010000010.1_88	UniRef100_D5MN84~K02004	60.0	408	161	2	5	411	4	410	7.56e-149	434
GCA_055850635.1_ASM5585063v1_genomicΩJBCUGQ010000004.1_207	UniRef100_Q02AR7~K02346	65.5	409	139	2	1	408	1	408	1.70e-187	532
GCA_055850635.1_ASM5585063v1_genomicΩJBCUGQ010000012.1_28	UniRef100_Q7WBU6~K07052	45.5	407	220	2	6	410	6	412	1.26e-111	339
GCA_055850635.1_ASM5585063v1_genomicΩJBCUGQ010000009.1_44	UniRef100_Q1ILM5~K01262	44.8	440	207	9	7	410	5	444	7.14e-108	330
GCA_055850635.1_ASM5585063v1_genomicΩJBCUGQ010000006.1_147	UniRef100_Q01Q52~K03531	66.0	332	113	0	3	334	8	339	2.09e-144	422
GCA_055850635.1_ASM5585063v1_genomicΩJBCUGQ010000001.1_886	UniRef100_E8V7T6~K01940	62.8	400	148	1	5	404	3	401	3.92e-181	515
GCA_055850635.1_ASM5585063v1_genomicΩJBCUGQ010000003.1_95	UniRef100_Q01Z26~K02004	63.2	402	145	3	8	409	10	408	5.45e-165	474
GCA_055850635.1_ASM5585063v1_genomicΩJBCUGQ010000001.1_1123	UniRef100_A0A0D2Q069~K00261	58.6	408	169	0	1	408	1	408	2.70e-173	496
GCA_055850635.1_ASM5585063v1_genomicΩJBCUGQ010000004.1_190	UniRef100_Q024F1~K02005	42.9	392	216	4	10	395	4	393	2.01e-84	269
GCA_055850635.1_ASM5585063v1_genomicΩJBCUGQ010000008.1_94	UniRef100_K9SH44~K00812	38.5	392	236	4	10	400	1	388	1.87e-87	276
GCA_055850635.1_ASM5585063v1_genomicΩJBCUGQ010000005.1_200	UniRef100_G0L1W0~K03535	34.8	400	255	3	7	403	20	416	1.43e-69	231
GCA_055850635.1_ASM5585063v1_genomicΩJBCUGQ010000004.1_171	UniRef100_A0A0F2KR29~K21430	44.1	365	162	9	45	406	56	381	4.33e-93	290
GCA_055850635.1_ASM5585063v1_genomicΩJBCUGQ010000003.1_135	UniRef100_A0A0K2GAS9~K15727	34.2	365	234	4	44	404	36	398	4.55e-46	169
GCA_055850635.1_ASM5585063v1_genomicΩJBCUGQ010000001.1_1020	UniRef100_Q01ZU1~K00013	66.5	412	130	2	1	405	1	411	1.09e-172	494
GCA_055850635.1_ASM5585063v1_genomicΩJBCUGQ010000001.1_282	UniRef100_Q02A95~K09808	53.2	408	186	4	2	407	4	408	1.20e-128	382
GCA_055850635.1_ASM5585063v1_genomicΩJBCUGQ010000005.1_248	UniRef100_E8V5Y4~K01273	54.8	407	176	5	1	402	5	408	8.94e-142	416
GCA_055850635.1_ASM5585063v1_genomicΩJBCUGQ010000005.1_83	UniRef100_Q025I1~K08191	50.0	376	180	4	20	390	12	384	4.98e-113	342
GCA_055850635.1_ASM5585063v1_genomicΩJBCUGQ010000004.1_6	UniRef100_Q01NI8~K01696	74.3	393	101	0	6	398	5	397	2.57e-212	594
GCA_055850635.1_ASM5585063v1_genomicΩJBCUGQ010000001.1_958	UniRef100_Q025I1~K08191	46.2	396	208	3	11	403	12	405	5.67e-112	340
GCA_055850635.1_ASM5585063v1_genomicΩJBCUGQ010000001.1_28	UniRef100_Q1IRP9~K01113	47.7	388	185	9	20	398	37	415	9.97e-114	344
GCA_055850635.1_ASM5585063v1_genomicΩJBCUGQ010000007.1_85	UniRef100_Q01RU2~K01866	65.9	396	134	1	9	403	1	396	1.78e-186	528
GCA_055850635.1_ASM5585063v1_genomicΩJBCUGQ010000006.1_34	UniRef100_Q01Y83~K00927	72.6	391	104	1	15	402	1	391	2.70e-198	558
GCA_055850635.1_ASM5585063v1_genomicΩJBCUGQ010000004.1_204	UniRef100_Q025X0~K07114	72.7	410	107	1	1	405	1	410	1.10e-225	628
GCA_055850635.1_ASM5585063v1_genomicΩJBCUGQ010000002.1_121	UniRef100_D7CSU9~K08224	39.2	355	205	3	17	367	18	365	8.30e-65	218
GCA_055850635.1_ASM5585063v1_genomicΩJBCUGQ010000002.1_55	UniRef100_Q029V5~K00809	73.8	405	102	1	4	404	21	425	5.29e-221	617
GCA_055850635.1_ASM5585063v1_genomicΩJBCUGQ010000001.1_865	UniRef100_Q023W8~K00821	65.0	391	137	0	12	402	16	406	2.16e-189	536
GCA_055850635.1_ASM5585063v1_genomicΩJBCUGQ010000001.1_30	UniRef100_A0A0K0Y322~K10977	64.1	393	141	0	5	397	5	397	4.05e-184	523
GCA_055850635.1_ASM5585063v1_genomicΩJBCUGQ010000011.1_22	UniRef100_A0A172U7I5~K15725	30.0	380	226	12	43	399	64	426	5.65e-10	67.8
GCA_055850635.1_ASM5585063v1_genomicΩJBCUGQ010000005.1_40	UniRef100_Q1IUG1~K04487	77.6	401	90	0	1	401	11	411	9.59e-226	629
GCA_055850635.1_ASM5585063v1_genomicΩJBCUGQ010000001.1_765	UniRef100_Q01NU3~K02455	67.0	403	133	0	1	403	1	403	9.97e-185	524
GCA_055850635.1_ASM5585063v1_genomicΩJBCUGQ010000001.1_334	UniRef100_A0A0H4PBP1~K00148	75.9	402	89	1	1	402	1	394	2.97e-224	624
GCA_055850635.1_ASM5585063v1_genomicΩJBCUGQ010000001.1_125	UniRef100_Q027Q6~K06990	59.1	403	162	1	2	404	5	404	1.73e-161	465
GCA_055850635.1_ASM5585063v1_genomicΩJBCUGQ010000006.1_87	UniRef100_Q02A15~K11102	56.0	393	171	1	1	391	1	393	7.78e-131	387
GCA_055850635.1_ASM5585063v1_genomicΩJBCUGQ010000005.1_139	UniRef100_A0A068SY84~K07045	51.5	396	186	4	11	403	9	401	3.36e-140	411
GCA_055850635.1_ASM5585063v1_genomicΩJBCUGQ010000005.1_81	UniRef100_A0A1B1ULJ9~K00529	50.4	401	197	2	2	401	5	404	4.16e-125	373
GCA_055850635.1_ASM5585063v1_genomicΩJBCUGQ010000001.1_957	UniRef100_Q022F3~K18707	71.6	398	108	1	8	400	37	434	8.35e-198	559
GCA_055850635.1_ASM5585063v1_genomicΩJBCUGQ010000001.1_842	UniRef100_A0A0F2KPU4~K07716	33.7	416	226	9	10	389	45	446	2.55e-50	181
GCA_055850635.1_ASM5585063v1_genomicΩJBCUGQ010000001.1_757	UniRef100_A7HHE9~K02282	30.9	337	212	9	48	376	35	358	4.32e-27	117
GCA_055850635.1_ASM5585063v1_genomicΩJBCUGQ010000008.1_108	UniRef100_Q02D06~K02653	64.2	402	143	1	1	401	1	402	8.18e-171	489
GCA_055850635.1_ASM5585063v1_genomicΩJBCUGQ010000007.1_93	UniRef100_Q01Y91~K09691	62.5	395	145	2	4	398	19	410	5.99e-171	489
GCA_055850635.1_ASM5585063v1_genomicΩJBCUGQ010000006.1_98	UniRef100_Q02B24~K14660	62.4	402	151	0	1	402	1	402	5.92e-166	476
GCA_055850635.1_ASM5585063v1_genomicΩJBCUGQ010000006.1_82	UniRef100_G0GA88~K10716	44.3	404	201	10	18	402	23	421	8.58e-89	281
GCA_055850635.1_ASM5585063v1_genomicΩJBCUGQ010000005.1_214	UniRef100_Q01VV5~K03797	50.2	408	186	3	1	395	1	404	6.21e-129	382
GCA_055850635.1_ASM5585063v1_genomicΩJBCUGQ010000004.1_280	UniRef100_B8GQK1~K21430	43.4	371	187	6	32	401	28	376	1.75e-100	309
GCA_055850635.1_ASM5585063v1_genomicΩJBCUGQ010000003.1_107	UniRef100_A0A059W367~K12583	35.4	396	207	11	4	381	1	365	5.12e-39	149
GCA_055850635.1_ASM5585063v1_genomicΩJBCUGQ010000001.1_830	UniRef100_B8GQK1~K21430	47.9	353	169	7	54	402	35	376	3.27e-106	323
GCA_055850635.1_ASM5585063v1_genomicΩJBCUGQ010000008.1_12	UniRef100_Q1ILE9~K13010	48.5	388	192	2	2	388	14	394	7.24e-120	359
GCA_055850635.1_ASM5585063v1_genomicΩJBCUGQ010000005.1_233	UniRef100_Q01VY0~K03317	66.7	409	126	3	1	401	1	407	4.54e-176	502
GCA_055850635.1_ASM5585063v1_genomicΩJBCUGQ010000002.1_372	UniRef100_A0A142XLX6~K21001	36.6	383	221	6	13	378	16	393	4.53e-60	206
GCA_055850635.1_ASM5585063v1_genomicΩJBCUGQ010000001.1_1230	UniRef100_Q023J2~K02004	57.5	398	165	3	5	401	5	399	8.99e-140	410
GCA_055850635.1_ASM5585063v1_genomicΩJBCUGQ010000001.1_244	UniRef100_B8HL94~K08225	44.5	375	202	5	28	399	41	412	1.53e-75	246
GCA_055850635.1_ASM5585063v1_genomicΩJBCUGQ010000002.1_127	UniRef100_Q02BL4~K01733	70.2	383	114	0	3	385	4	386	4.41e-202	568
GCA_055850635.1_ASM5585063v1_genomicΩJBCUGQ010000001.1_1148	UniRef100_Q029K3~K03074	59.3	398	154	4	1	390	1	398	2.33e-152	442
GCA_055850635.1_ASM5585063v1_genomicΩJBCUGQ010000001.1_994	UniRef100_Q01QM3~K00099	65.6	390	131	1	1	387	1	390	1.28e-170	488
GCA_055850635.1_ASM5585063v1_genomicΩJBCUGQ010000010.1_22	UniRef100_A9FBP8~K20497	31.9	383	243	8	11	381	7	383	9.36e-46	168
GCA_055850635.1_ASM5585063v1_genomicΩJBCUGQ010000006.1_148	UniRef100_Q01Q51~K03590	46.6	399	213	0	1	399	1	399	6.41e-119	357
GCA_055850635.1_ASM5585063v1_genomicΩJBCUGQ010000005.1_205	UniRef100_Q01SE3~K01839	67.8	385	123	1	3	386	2	386	1.43e-188	533
GCA_055850635.1_ASM5585063v1_genomicΩJBCUGQ010000005.1_123	UniRef100_Q01U71~K15736	64.6	393	139	0	2	394	5	397	1.13e-178	508
GCA_055850635.1_ASM5585063v1_genomicΩJBCUGQ010000001.1_514	UniRef100_Q1J309~K01805	30.9	343	225	6	8	349	4	335	1.10e-40	154
GCA_055850635.1_ASM5585063v1_genomicΩJBCUGQ010000001.1_1297	UniRef100_B7AAJ4~K00754	30.5	370	216	17	1	360	8	346	9.88e-11	69.7
GCA_055850635.1_ASM5585063v1_genomicΩJBCUGQ010000010.1_9	UniRef100_Q028Z3~K03750	63.3	381	140	0	17	397	2	382	3.54e-161	463
GCA_055850635.1_ASM5585063v1_genomicΩJBCUGQ010000003.1_240	UniRef100_Q028C6~K16422	60.1	396	140	3	7	396	8	391	1.01e-160	462
GCA_055850635.1_ASM5585063v1_genomicΩJBCUGQ010000003.1_294	UniRef100_B0UH41~K01465	39.9	376	209	7	29	392	3	373	2.02e-71	234
GCA_055850635.1_ASM5585063v1_genomicΩJBCUGQ010000003.1_256	UniRef100_A0A1Y0RCL1~K10907	63.4	374	137	0	21	394	17	390	9.88e-171	488
GCA_055850635.1_ASM5585063v1_genomicΩJBCUGQ010000003.1_49	UniRef100_M4ZWF6~K21401	31.4	353	205	15	4	327	5	349	4.92e-18	91.7
GCA_055850635.1_ASM5585063v1_genomicΩJBCUGQ010000002.1_153	UniRef100_Q02CT6~K00337	67.3	392	124	1	2	393	6	393	9.18e-191	539
GCA_055850635.1_ASM5585063v1_genomicΩJBCUGQ010000009.1_131	UniRef100_D9QVU8~K15342	38.0	337	196	2	62	394	4	331	5.94e-73	236
GCA_055850635.1_ASM5585063v1_genomicΩJBCUGQ010000001.1_188	UniRef100_Q01Q85~K00812	66.9	390	127	1	3	390	4	393	1.75e-183	520
GCA_055850635.1_ASM5585063v1_genomicΩJBCUGQ010000016.1_13	UniRef100_K0M8K6~K01999	31.9	373	239	7	20	385	8	372	3.31e-51	181
GCA_055850635.1_ASM5585063v1_genomicΩJBCUGQ010000002.1_332	UniRef100_V6EZK6~K07552	45.1	368	200	2	2	367	12	379	2.03e-92	288
GCA_055850635.1_ASM5585063v1_genomicΩJBCUGQ010000002.1_138	UniRef100_Q01VI8~K14261	74.1	382	99	0	6	387	7	388	7.04e-218	607
GCA_055850635.1_ASM5585063v1_genomicΩJBCUGQ010000001.1_133	UniRef100_Q02CF2~K00481	61.6	391	149	1	1	390	1	391	2.22e-174	497
GCA_055850635.1_ASM5585063v1_genomicΩJBCUGQ010000008.1_21	UniRef100_E8N090~K13668	44.9	376	207	0	1	376	6	381	5.01e-102	313
GCA_055850635.1_ASM5585063v1_genomicΩJBCUGQ010000006.1_131	UniRef100_A5END0~K07749	61.6	388	148	1	5	392	10	396	7.89e-172	491
GCA_055850635.1_ASM5585063v1_genomicΩJBCUGQ010000006.1_13	UniRef100_Q021Y6~K01739	64.2	391	140	0	1	391	1	391	7.55e-183	518
GCA_055850635.1_ASM5585063v1_genomicΩJBCUGQ010000002.1_51	UniRef100_Q01Z83~K01649	72.5	393	105	2	1	392	1	391	1.09e-196	553
GCA_055850635.1_ASM5585063v1_genomicΩJBCUGQ010000001.1_925	UniRef100_Q026G2~K08191	50.8	384	188	1	4	387	11	393	4.12e-115	347
GCA_055850635.1_ASM5585063v1_genomicΩJBCUGQ010000012.1_6	UniRef100_Q01SJ2~K15727	41.5	386	215	2	10	391	12	390	1.45e-82	263
GCA_055850635.1_ASM5585063v1_genomicΩJBCUGQ010000009.1_79	UniRef100_A9AXN0~K08151	39.0	356	204	4	5	358	4	348	1.10e-65	219
GCA_055850635.1_ASM5585063v1_genomicΩJBCUGQ010000003.1_209	UniRef100_A3PA82~K00436	37.3	386	231	6	4	381	5	387	2.86e-75	244
GCA_055850635.1_ASM5585063v1_genomicΩJBCUGQ010000001.1_1104	UniRef100_Q72IT6~K17225	30.2	401	223	11	7	374	3	379	2.12e-36	143
GCA_055850635.1_ASM5585063v1_genomicΩJBCUGQ010000001.1_923	UniRef100_A0A0C5VPU0~K20974	37.6	372	219	4	26	388	46	413	3.15e-66	222
GCA_055850635.1_ASM5585063v1_genomicΩJBCUGQ010000001.1_284	UniRef100_Q7NL54~K02005	42.3	416	213	2	1	389	3	418	1.78e-88	279
GCA_055850635.1_ASM5585063v1_genomicΩJBCUGQ010000001.1_1136	UniRef100_Q023V7~K01736	77.4	390	87	1	1	390	1	389	1.72e-213	596
GCA_055850635.1_ASM5585063v1_genomicΩJBCUGQ010000008.1_114	UniRef100_Q01VQ5~K00248	72.6	383	105	0	1	383	7	389	4.38e-200	562
GCA_055850635.1_ASM5585063v1_genomicΩJBCUGQ010000007.1_113	UniRef100_Q01U84~K03215	54.6	392	161	6	8	386	1	388	5.47e-138	404
GCA_055850635.1_ASM5585063v1_genomicΩJBCUGQ010000007.1_92	UniRef100_Q1IIU2~K01262	48.8	389	198	1	1	389	1	388	1.73e-131	388
GCA_055850635.1_ASM5585063v1_genomicΩJBCUGQ010000005.1_152	UniRef100_Q01TU1~K01993	53.7	389	180	0	1	389	1	389	2.06e-99	306
GCA_055850635.1_ASM5585063v1_genomicΩJBCUGQ010000002.1_21	UniRef100_B1L673~K00812	47.9	376	195	1	7	381	8	383	1.53e-122	365
GCA_055850635.1_ASM5585063v1_genomicΩJBCUGQ010000001.1_622	UniRef100_Q027F6~K00303	60.6	383	150	1	8	389	3	385	2.11e-168	481
GCA_055850635.1_ASM5585063v1_genomicΩJBCUGQ010000001.1_554	UniRef100_Q02D10~K00252	75.6	386	94	0	4	389	3	388	1.44e-216	603
GCA_055850635.1_ASM5585063v1_genomicΩJBCUGQ010000003.1_98	UniRef100_Q01VU0~K00789	76.7	387	90	0	1	387	1	387	9.64e-215	599
GCA_055850635.1_ASM5585063v1_genomicΩJBCUGQ010000001.1_1028	UniRef100_A0A0U3CC45~K00574	47.9	378	181	7	19	381	68	444	2.98e-95	297
GCA_055850635.1_ASM5585063v1_genomicΩJBCUGQ010000002.1_287	UniRef100_Q01UZ6~K01443	62.7	338	117	3	36	372	10	339	1.62e-143	417
GCA_055850635.1_ASM5585063v1_genomicΩJBCUGQ010000001.1_569	UniRef100_X8B0X6~K00248	52.3	384	182	1	1	384	1	383	8.05e-136	399
GCA_055850635.1_ASM5585063v1_genomicΩJBCUGQ010000001.1_1208	UniRef100_L0H8P1~K00626	51.5	388	186	1	1	386	1	388	4.72e-128	379
GCA_055850635.1_ASM5585063v1_genomicΩJBCUGQ010000016.1_8	UniRef100_Q11FP4~K01856	47.5	381	199	1	3	382	4	384	5.21e-124	369
GCA_055850635.1_ASM5585063v1_genomicΩJBCUGQ010000007.1_89	UniRef100_Q028T4~K01872	53.4	384	173	4	1	379	1	383	3.45e-127	377
GCA_055850635.1_ASM5585063v1_genomicΩJBCUGQ010000005.1_170	UniRef100_A0A1B1UDY3~K21071	71.1	391	105	2	3	385	4	394	2.63e-201	565
GCA_055850635.1_ASM5585063v1_genomicΩJBCUGQ010000001.1_1277	UniRef100_Q021N6~K01903	74.7	384	96	1	1	384	1	383	3.03e-188	531
GCA_055850635.1_ASM5585063v1_genomicΩJBCUGQ010000001.1_1133	UniRef100_Q023V4~K00620	65.6	392	128	2	1	385	1	392	7.45e-160	460
GCA_055850635.1_ASM5585063v1_genomicΩJBCUGQ010000001.1_351	UniRef100_A9BCT8~K00101	52.4	378	179	1	7	384	10	386	1.97e-132	390
GCA_055850635.1_ASM5585063v1_genomicΩJBCUGQ010000001.1_15	UniRef100_Q2S9K3~K21782	48.0	381	198	0	1	381	1	381	7.27e-118	353
GCA_055850635.1_ASM5585063v1_genomicΩJBCUGQ010000008.1_83	UniRef100_Q02D77~K09121	60.7	369	144	1	16	384	1	368	1.15e-148	431
GCA_055850635.1_ASM5585063v1_genomicΩJBCUGQ010000006.1_110	UniRef100_Q01PU1~K03771	44.6	361	194	5	22	378	18	376	1.18e-83	266
GCA_055850635.1_ASM5585063v1_genomicΩJBCUGQ010000003.1_124	UniRef100_A0A0S2G202~K18302	31.3	386	207	9	8	380	35	375	6.56e-17	88.2
GCA_055850635.1_ASM5585063v1_genomicΩJBCUGQ010000003.1_51	UniRef100_B1ZU05~K00754	52.3	375	177	1	6	380	6	378	7.48e-124	369
GCA_055850635.1_ASM5585063v1_genomicΩJBCUGQ010000005.1_156	UniRef100_Q01TT7~K01992	60.1	383	151	1	3	383	1	383	5.28e-150	434
GCA_055850635.1_ASM5585063v1_genomicΩJBCUGQ010000007.1_13	UniRef100_Q01PM9~K03686	62.2	392	127	6	2	375	7	395	1.28e-160	462
GCA_055850635.1_ASM5585063v1_genomicΩJBCUGQ010000005.1_158	UniRef100_A0A098KXU4~K00249	54.5	380	173	0	1	380	25	404	1.18e-133	394
GCA_055850635.1_ASM5585063v1_genomicΩJBCUGQ010000001.1_960	UniRef100_A0A0U2WGH9~K07098	31.9	361	202	10	41	378	26	365	2.94e-35	139
GCA_055850635.1_ASM5585063v1_genomicΩJBCUGQ010000001.1_823	UniRef100_Q01T93~K01295	62.0	361	137	0	21	381	5	365	1.30e-150	435
GCA_055850635.1_ASM5585063v1_genomicΩJBCUGQ010000001.1_672	UniRef100_Q02AZ6~K00748	57.5	358	150	1	2	359	3	358	1.44e-136	400
GCA_055850635.1_ASM5585063v1_genomicΩJBCUGQ010000001.1_131	UniRef100_A0A142LKA0~K00549	56.9	376	162	0	6	381	2	377	3.43e-159	457
GCA_055850635.1_ASM5585063v1_genomicΩJBCUGQ010000001.1_61	UniRef100_Q01T60~K09690	50.5	370	167	3	28	381	41	410	2.76e-118	355
GCA_055850635.1_ASM5585063v1_genomicΩJBCUGQ010000001.1_58	UniRef100_A0A1Y0LKQ1~K12994	31.6	329	216	5	41	362	52	378	2.00e-45	166
GCA_055850635.1_ASM5585063v1_genomicΩJBCUGQ010000001.1_320	UniRef100_Q025J5~K06969	63.0	381	137	2	1	377	6	386	2.80e-157	453
GCA_055850635.1_ASM5585063v1_genomicΩJBCUGQ010000016.1_9	UniRef100_A0A142MDW0~K04940	37.5	357	220	2	9	364	3	357	2.46e-66	220
GCA_055850635.1_ASM5585063v1_genomicΩJBCUGQ010000001.1_846	UniRef100_Q01QX1~K14161	42.5	355	179	5	47	379	44	395	1.43e-80	258
GCA_055850635.1_ASM5585063v1_genomicΩJBCUGQ010000016.1_10	UniRef100_D0MJW8~K01271	31.3	368	235	5	8	366	5	363	3.98e-35	138
GCA_055850635.1_ASM5585063v1_genomicΩJBCUGQ010000007.1_156	UniRef100_Q021N9~K00324	59.9	369	147	1	1	368	18	386	1.41e-142	416
GCA_055850635.1_ASM5585063v1_genomicΩJBCUGQ010000006.1_154	UniRef100_Q1IKG7~K01000	62.0	379	142	1	1	377	1	379	8.36e-166	474
GCA_055850635.1_ASM5585063v1_genomicΩJBCUGQ010000006.1_126	UniRef100_E6VER8~K07001	67.0	379	123	2	1	377	1	379	5.19e-174	495
GCA_055850635.1_ASM5585063v1_genomicΩJBCUGQ010000005.1_155	UniRef100_Q01TT8~K01992	58.8	376	154	1	1	376	1	375	1.20e-140	410
GCA_055850635.1_ASM5585063v1_genomicΩJBCUGQ010000004.1_51	UniRef100_Q7NIT5~K08372	43.0	330	185	2	46	372	64	393	3.29e-73	239
GCA_055850635.1_ASM5585063v1_genomicΩJBCUGQ010000003.1_289	UniRef100_Q9ZGH4~K13310	42.3	371	202	8	2	368	10	372	1.63e-74	241
GCA_055850635.1_ASM5585063v1_genomicΩJBCUGQ010000001.1_1025	UniRef100_Q01N67~K04096	61.7	376	140	3	1	375	19	391	8.54e-147	426
GCA_055850635.1_ASM5585063v1_genomicΩJBCUGQ010000001.1_183	UniRef100_Q028R9~K00720	55.8	369	162	1	8	376	6	373	3.01e-133	391
GCA_055850635.1_ASM5585063v1_genomicΩJBCUGQ010000007.1_67	UniRef100_Q02BG0~K04487	60.1	363	136	2	19	372	1	363	2.19e-138	404
GCA_055850635.1_ASM5585063v1_genomicΩJBCUGQ010000003.1_29	UniRef100_Q01PN6~K01791	61.4	365	141	0	4	368	10	374	9.37e-151	436
GCA_055850635.1_ASM5585063v1_genomicΩJBCUGQ010000001.1_1271	UniRef100_Q025D6~K01956	74.7	375	95	0	1	375	1	375	3.27e-211	589
GCA_055850635.1_ASM5585063v1_genomicΩJBCUGQ010000001.1_371	UniRef100_Q9ZGH4~K13310	41.7	362	202	3	19	372	9	369	2.00e-75	244
GCA_055850635.1_ASM5585063v1_genomicΩJBCUGQ010000001.1_536	UniRef100_D1CF48~K07301	38.5	338	182	7	3	330	30	351	3.47e-51	181
GCA_055850635.1_ASM5585063v1_genomicΩJBCUGQ010000007.1_51	UniRef100_Q01PS9~K01262	54.4	353	161	0	19	371	5	357	1.46e-129	381
GCA_055850635.1_ASM5585063v1_genomicΩJBCUGQ010000003.1_278	UniRef100_S4XRC5~K00549	62.3	382	134	2	1	373	1	381	2.55e-170	486
GCA_055850635.1_ASM5585063v1_genomicΩJBCUGQ010000003.1_253	UniRef100_D5MJX2~K07814	50.9	318	156	0	30	347	5	322	1.78e-110	332
GCA_055850635.1_ASM5585063v1_genomicΩJBCUGQ010000003.1_9	UniRef100_Q01X64~K01647	67.1	371	122	0	4	374	3	373	2.93e-178	505
GCA_055850635.1_ASM5585063v1_genomicΩJBCUGQ010000001.1_1113	UniRef100_Q2LQY4~K01622	71.2	365	105	0	1	365	1	365	8.49e-195	547
GCA_055850635.1_ASM5585063v1_genomicΩJBCUGQ010000001.1_1062	UniRef100_Q02B33~K03686	64.5	377	129	2	3	374	1	377	1.06e-174	496
GCA_055850635.1_ASM5585063v1_genomicΩJBCUGQ010000001.1_841	UniRef100_A0A127EWV7~K05713	30.9	359	217	6	2	358	14	343	5.14e-49	174
GCA_055850635.1_ASM5585063v1_genomicΩJBCUGQ010000001.1_714	UniRef100_Q01YG9~K03715	60.7	374	141	3	1	368	1	374	9.28e-159	456
GCA_055850635.1_ASM5585063v1_genomicΩJBCUGQ010000001.1_1145	UniRef100_Q029K6~K00773	68.9	366	111	1	2	364	4	369	9.10e-181	512
GCA_055850635.1_ASM5585063v1_genomicΩJBCUGQ010000001.1_733	UniRef100_Q01VK3~K01129	62.0	366	137	1	6	369	2	367	1.24e-149	433
GCA_055850635.1_ASM5585063v1_genomicΩJBCUGQ010000001.1_286	UniRef100_Q02D48~K02338	68.2	374	116	3	1	373	1	372	6.99e-174	494
GCA_055850635.1_ASM5585063v1_genomicΩJBCUGQ010000003.1_121	UniRef100_Q02DC8~K18285	79.6	372	76	0	1	372	1	372	2.68e-229	634
GCA_055850635.1_ASM5585063v1_genomicΩJBCUGQ010000004.1_150	UniRef100_Q01YT0~K11752	63.5	367	129	1	2	368	3	364	1.09e-164	471
GCA_055850635.1_ASM5585063v1_genomicΩJBCUGQ010000002.1_273	UniRef100_Q02AM2~K19140	54.9	386	152	4	1	370	1	380	2.58e-132	389
GCA_055850635.1_ASM5585063v1_genomicΩJBCUGQ010000003.1_161	UniRef100_Q96ZY7~K18125	35.2	369	224	6	1	366	1	357	1.36e-58	199
GCA_055850635.1_ASM5585063v1_genomicΩJBCUGQ010000001.1_503	UniRef100_B0U7G9~K06402	38.0	353	206	7	16	361	4	350	1.14e-58	200
GCA_055850635.1_ASM5585063v1_genomicΩJBCUGQ010000011.1_25	UniRef100_A0A1V0A176~K00549	44.4	367	195	4	10	368	7	372	1.01e-92	288
GCA_055850635.1_ASM5585063v1_genomicΩJBCUGQ010000002.1_42	UniRef100_B0U7G9~K06402	46.4	358	184	6	1	354	1	354	5.91e-90	280
GCA_055850635.1_ASM5585063v1_genomicΩJBCUGQ010000007.1_68	UniRef100_Q02BG1~K00566	66.6	371	121	2	1	368	1	371	4.14e-176	499
GCA_055850635.1_ASM5585063v1_genomicΩJBCUGQ010000001.1_57	UniRef100_A0A142X377~K13954	50.7	381	175	2	1	368	11	391	4.25e-115	345
GCA_055850635.1_ASM5585063v1_genomicΩJBCUGQ010000013.1_4	UniRef100_D5C1L2~K07282	57.2	362	155	0	5	366	16	377	3.89e-147	426
GCA_055850635.1_ASM5585063v1_genomicΩJBCUGQ010000003.1_232	UniRef100_Q01X97~K09001	57.4	366	143	2	1	366	7	359	1.25e-133	391
GCA_055850635.1_ASM5585063v1_genomicΩJBCUGQ010000002.1_263	UniRef100_V7BZR0~K03695	35.1	325	181	4	2	326	5	299	3.56e-58	198
GCA_055850635.1_ASM5585063v1_genomicΩJBCUGQ010000001.1_477	UniRef100_Q02BS2~K00605	65.8	366	124	1	3	367	2	367	9.36e-174	493
GCA_055850635.1_ASM5585063v1_genomicΩJBCUGQ010000001.1_113	UniRef100_L7ZZP7~K00652	42.4	363	192	3	7	352	11	373	1.67e-83	265
GCA_055850635.1_ASM5585063v1_genomicΩJBCUGQ010000020.1_3	UniRef100_D3S3P0~K16052	31.8	349	231	4	3	346	1	347	5.43e-46	166
GCA_055850635.1_ASM5585063v1_genomicΩJBCUGQ010000001.1_1322	UniRef100_K7QXI0~K00754	32.5	342	209	8	15	344	14	345	4.53e-27	116
GCA_055850635.1_ASM5585063v1_genomicΩJBCUGQ010000001.1_867	UniRef100_Q01SJ6~K00720	53.2	329	145	4	36	355	21	349	1.69e-100	307
GCA_055850635.1_ASM5585063v1_genomicΩJBCUGQ010000020.1_1	UniRef100_G2IWH1~K00254	56.2	349	147	2	1	348	2	345	7.58e-124	366
GCA_055850635.1_ASM5585063v1_genomicΩJBCUGQ010000001.1_907	UniRef100_Q1AS84~K11472	41.2	391	201	8	1	365	37	424	4.53e-76	246
GCA_055850635.1_ASM5585063v1_genomicΩJBCUGQ010000001.1_808	UniRef100_G4R6F6~K15975	57.1	315	132	2	4	316	8	321	1.05e-127	375
GCA_055850635.1_ASM5585063v1_genomicΩJBCUGQ010000016.1_12	UniRef100_F4A2G3~K04940	39.9	361	211	3	2	362	5	359	1.72e-79	253
GCA_055850635.1_ASM5585063v1_genomicΩJBCUGQ010000012.1_24	UniRef100_A0A173MP77~K00574	55.0	338	151	1	16	352	3	340	1.75e-138	403
GCA_055850635.1_ASM5585063v1_genomicΩJBCUGQ010000010.1_75	UniRef100_Q9ZGH4~K13310	48.9	356	181	1	4	358	10	365	4.42e-105	319
GCA_055850635.1_ASM5585063v1_genomicΩJBCUGQ010000006.1_124	UniRef100_A1WU16~K21936	32.6	374	212	10	5	348	61	424	1.36e-30	127
GCA_055850635.1_ASM5585063v1_genomicΩJBCUGQ010000001.1_274	UniRef100_T2GIZ7~K12996	30.9	388	225	12	2	357	6	382	2.72e-44	162
GCA_055850635.1_ASM5585063v1_genomicΩJBCUGQ010000001.1_988	UniRef100_D0MK50~K02017	53.2	361	167	1	1	361	1	359	1.13e-108	328
GCA_055850635.1_ASM5585063v1_genomicΩJBCUGQ010000001.1_535	UniRef100_Q01Q15~K01735	66.9	356	118	0	7	362	1	356	1.64e-161	462
GCA_055850635.1_ASM5585063v1_genomicΩJBCUGQ010000008.1_37	UniRef100_A0A142YJ60~K01791	56.6	362	147	4	4	358	2	360	8.21e-129	379
GCA_055850635.1_ASM5585063v1_genomicΩJBCUGQ010000005.1_107	UniRef100_Q027H6~K02549	69.1	366	104	2	5	361	3	368	3.77e-184	520
GCA_055850635.1_ASM5585063v1_genomicΩJBCUGQ010000004.1_1	UniRef100_Q01YX2~K05837	62.5	363	135	1	1	362	1	363	4.31e-158	453
GCA_055850635.1_ASM5585063v1_genomicΩJBCUGQ010000007.1_73	UniRef100_G8P0B1~K06139	55.2	337	151	0	3	339	11	347	1.04e-143	417
GCA_055850635.1_ASM5585063v1_genomicΩJBCUGQ010000002.1_364	UniRef100_E8WXB5~K02004	50.9	371	172	5	1	361	1	371	3.70e-114	342
GCA_055850635.1_ASM5585063v1_genomicΩJBCUGQ010000001.1_1273	UniRef100_Q023L7~K01730	42.2	365	197	9	1	357	3	361	1.12e-72	236
GCA_055850635.1_ASM5585063v1_genomicΩJBCUGQ010000001.1_275	UniRef100_Q01PW3~K01775	54.7	371	156	4	2	360	6	376	2.55e-123	365
GCA_055850635.1_ASM5585063v1_genomicΩJBCUGQ010000006.1_151	UniRef100_Q01Q48~K02563	63.5	353	122	3	6	356	12	359	1.09e-140	409
GCA_055850635.1_ASM5585063v1_genomicΩJBCUGQ010000003.1_247	UniRef100_A0A142XJH9~K12994	34.0	376	202	12	23	359	16	384	1.33e-42	158
GCA_055850635.1_ASM5585063v1_genomicΩJBCUGQ010000001.1_1012	UniRef100_Q1IJE0~K00479	55.6	358	156	2	4	359	14	370	1.65e-148	429
GCA_055850635.1_ASM5585063v1_genomicΩJBCUGQ010000001.1_966	UniRef100_A0A0K2SJE0~K01992	30.2	354	217	7	36	360	15	367	1.67e-28	120
GCA_055850635.1_ASM5585063v1_genomicΩJBCUGQ010000005.1_34	UniRef100_Q027B5~K14652	63.5	370	122	1	1	357	1	370	1.46e-162	465
GCA_055850635.1_ASM5585063v1_genomicΩJBCUGQ010000002.1_28	UniRef100_Q01RX8~K02835	81.2	357	67	0	1	357	1	357	2.86e-202	565
GCA_055850635.1_ASM5585063v1_genomicΩJBCUGQ010000013.1_2	UniRef100_D0MDF2~K01974	52.8	345	162	1	2	345	7	351	3.88e-113	339
GCA_055850635.1_ASM5585063v1_genomicΩJBCUGQ010000006.1_109	UniRef100_Q01PU2~K03698	61.3	320	124	0	1	320	1	320	8.22e-147	425
GCA_055850635.1_ASM5585063v1_genomicΩJBCUGQ010000002.1_106	UniRef100_Q01PP8~K02401	50.0	358	175	1	1	358	1	354	1.82e-104	317
GCA_055850635.1_ASM5585063v1_genomicΩJBCUGQ010000008.1_39	UniRef100_U3QX36~K07494	32.7	342	223	6	1	338	3	341	2.61e-39	149
GCA_055850635.1_ASM5585063v1_genomicΩJBCUGQ010000003.1_265	UniRef100_Q02B74~K06942	73.3	356	95	0	1	356	1	356	1.49e-179	507
GCA_055850635.1_ASM5585063v1_genomicΩJBCUGQ010000001.1_1199	UniRef100_A0A142YNH5~K07404	45.7	357	188	3	6	357	42	397	2.53e-73	238
GCA_055850635.1_ASM5585063v1_genomicΩJBCUGQ010000001.1_864	UniRef100_Q01XV3~K00971	63.7	355	129	0	2	356	3	357	5.20e-159	455
GCA_055850635.1_ASM5585063v1_genomicΩJBCUGQ010000009.1_101	UniRef100_A0A1X9YBG8~K16557	33.8	325	194	11	7	326	10	318	5.46e-23	104
GCA_055850635.1_ASM5585063v1_genomicΩJBCUGQ010000006.1_152	UniRef100_Q01Q47~K03588	52.3	388	143	8	3	356	4	383	2.06e-107	325
GCA_055850635.1_ASM5585063v1_genomicΩJBCUGQ010000002.1_93	UniRef100_Q01PR2~K02394	62.1	356	134	1	1	356	13	367	3.71e-144	418
GCA_055850635.1_ASM5585063v1_genomicΩJBCUGQ010000001.1_1091	UniRef100_Q028X6~K00641	69.5	367	97	4	1	352	1	367	3.50e-178	504
GCA_055850635.1_ASM5585063v1_genomicΩJBCUGQ010000001.1_442	UniRef100_Q01SS1~K02017	42.7	335	183	2	21	355	15	340	1.07e-80	255
GCA_055850635.1_ASM5585063v1_genomicΩJBCUGQ010000003.1_309	UniRef100_Q02AX3~K07027	45.1	317	174	0	37	353	51	367	1.61e-81	258
GCA_055850635.1_ASM5585063v1_genomicΩJBCUGQ010000002.1_319	UniRef100_Q01TA4~K01409	74.2	360	88	1	1	355	1	360	2.79e-175	496
GCA_055850635.1_ASM5585063v1_genomicΩJBCUGQ010000002.1_137	UniRef100_I4BWP6~K04102	69.6	329	100	0	27	355	4	332	1.12e-165	471
GCA_055850635.1_ASM5585063v1_genomicΩJBCUGQ010000002.1_71	UniRef100_Q020S8~K02536	67.4	341	111	0	5	345	23	363	3.47e-121	360
GCA_055850635.1_ASM5585063v1_genomicΩJBCUGQ010000011.1_17	UniRef100_Q02AB1~K03553	78.0	350	75	2	1	349	1	349	8.25e-192	538
GCA_055850635.1_ASM5585063v1_genomicΩJBCUGQ010000008.1_100	UniRef100_Q391L8~K00217	66.9	354	114	1	1	351	1	354	7.09e-153	439
GCA_055850635.1_ASM5585063v1_genomicΩJBCUGQ010000014.1_29	UniRef100_Q01WC0~K03040	81.8	325	59	0	1	325	1	325	4.86e-191	536
GCA_055850635.1_ASM5585063v1_genomicΩJBCUGQ010000011.1_5	UniRef100_Q01QF9~K06941	69.3	336	99	1	14	345	18	353	2.10e-166	474
GCA_055850635.1_ASM5585063v1_genomicΩJBCUGQ010000010.1_54	UniRef100_A0A143QJJ8~K14260	31.8	362	223	11	5	349	43	397	2.17e-37	144
GCA_055850635.1_ASM5585063v1_genomicΩJBCUGQ010000009.1_24	UniRef100_C1AB18~K00175	64.6	353	123	1	1	353	1	351	1.93e-163	466
GCA_055850635.1_ASM5585063v1_genomicΩJBCUGQ010000004.1_247	UniRef100_L0HH69~K16052	33.6	333	206	7	18	341	8	334	4.15e-33	131
GCA_055850635.1_ASM5585063v1_genomicΩJBCUGQ010000007.1_125	UniRef100_Q027U6~K02340	50.1	357	167	4	1	351	1	352	6.15e-98	300
GCA_055850635.1_ASM5585063v1_genomicΩJBCUGQ010000006.1_62	UniRef100_Q023M6~K03118	55.4	289	127	1	66	352	1	289	7.93e-104	312
GCA_055850635.1_ASM5585063v1_genomicΩJBCUGQ010000001.1_915	UniRef100_Q028X2~K05340	39.3	351	206	3	1	350	1	345	1.20e-68	224
GCA_055850635.1_ASM5585063v1_genomicΩJBCUGQ010000009.1_103	UniRef100_Q9ZGH4~K13310	45.0	351	179	6	1	345	30	372	7.11e-75	241
GCA_055850635.1_ASM5585063v1_genomicΩJBCUGQ010000007.1_72	UniRef100_A4FP06~K08282	34.1	287	172	5	9	290	6	280	3.45e-41	152
GCA_055850635.1_ASM5585063v1_genomicΩJBCUGQ010000003.1_89	UniRef100_Q029L8~K00008	66.5	346	115	1	5	350	2	346	7.95e-168	477
GCA_055850635.1_ASM5585063v1_genomicΩJBCUGQ010000002.1_52	UniRef100_Q01Z82~K00052	71.7	360	92	2	1	350	1	360	3.92e-174	493
GCA_055850635.1_ASM5585063v1_genomicΩJBCUGQ010000001.1_875	UniRef100_A7NI12~K01561	47.9	305	130	3	52	348	5	288	4.81e-87	270
GCA_055850635.1_ASM5585063v1_genomicΩJBCUGQ010000011.1_90	UniRef100_Q01R24~K00133	68.2	349	111	0	1	349	1	349	4.04e-173	490
GCA_055850635.1_ASM5585063v1_genomicΩJBCUGQ010000003.1_88	UniRef100_Q029L9~K00008	68.2	349	111	0	1	349	15	363	2.51e-173	491
GCA_055850635.1_ASM5585063v1_genomicΩJBCUGQ010000001.1_1019	UniRef100_Q01ZU2~K00817	61.8	346	131	1	3	347	10	355	3.41e-150	432
GCA_055850635.1_ASM5585063v1_genomicΩJBCUGQ010000001.1_273	UniRef100_O29924~K07011	32.8	323	195	7	6	322	1	307	3.57e-44	160
GCA_055850635.1_ASM5585063v1_genomicΩJBCUGQ010000001.1_696	UniRef100_C1F677~K03553	69.6	326	98	1	5	329	4	329	2.79e-159	456
GCA_055850635.1_ASM5585063v1_genomicΩJBCUGQ010000003.1_260	UniRef100_Q2K6G2~K05882	46.0	335	177	3	1	332	1	334	9.63e-83	260
GCA_055850635.1_ASM5585063v1_genomicΩJBCUGQ010000003.1_191	UniRef100_O26987~K02485	31.4	331	207	9	24	347	28	345	1.01e-29	122
GCA_055850635.1_ASM5585063v1_genomicΩJBCUGQ010000001.1_1215	UniRef100_Q023Q3~K01053	57.8	346	129	4	7	347	3	336	8.49e-143	413
GCA_055850635.1_ASM5585063v1_genomicΩJBCUGQ010000001.1_120	UniRef100_Q01PV3~K10941	52.3	342	142	5	10	346	3	328	2.79e-102	310
GCA_055850635.1_ASM5585063v1_genomicΩJBCUGQ010000016.1_4	UniRef100_G2NZ29~K00320	32.7	349	204	9	7	333	9	348	2.37e-35	137
GCA_055850635.1_ASM5585063v1_genomicΩJBCUGQ010000003.1_210	UniRef100_Q022D6~K03500	60.8	352	129	5	1	344	3	353	2.78e-132	387
GCA_055850635.1_ASM5585063v1_genomicΩJBCUGQ010000001.1_395	UniRef100_Q01P10~K06217	75.9	332	80	0	1	332	9	340	3.91e-177	501
GCA_055850635.1_ASM5585063v1_genomicΩJBCUGQ010000001.1_160	UniRef100_Q01W10~K01599	82.3	344	61	0	1	344	1	344	1.11e-210	585
GCA_055850635.1_ASM5585063v1_genomicΩJBCUGQ010000009.1_62	UniRef100_Q02A63~K03856	76.2	345	82	0	1	345	1	345	1.28e-188	529
GCA_055850635.1_ASM5585063v1_genomicΩJBCUGQ010000006.1_139	UniRef100_Q022S4~K01785	45.9	331	174	2	20	345	20	350	2.65e-102	310
GCA_055850635.1_ASM5585063v1_genomicΩJBCUGQ010000006.1_105	UniRef100_A0A193G957~K00549	76.5	340	80	0	3	342	4	343	3.48e-186	523
GCA_055850635.1_ASM5585063v1_genomicΩJBCUGQ010000003.1_42	UniRef100_A0A127EYS8~K03392	59.3	354	132	5	1	343	1	353	6.90e-141	409
GCA_055850635.1_ASM5585063v1_genomicΩJBCUGQ010000001.1_370	UniRef100_G8B1C0~K01784	46.5	329	169	3	10	333	18	344	9.29e-91	281
GCA_055850635.1_ASM5585063v1_genomicΩJBCUGQ010000001.1_1168	UniRef100_Q01T77~K07114	63.5	299	104	3	43	341	27	320	1.13e-124	366
GCA_055850635.1_ASM5585063v1_genomicΩJBCUGQ010000001.1_770	UniRef100_Q01NT8~K02460	43.3	330	161	9	13	329	29	345	8.60e-59	199
GCA_055850635.1_ASM5585063v1_genomicΩJBCUGQ010000009.1_70	UniRef100_Q020Q8~K11784	81.6	343	63	0	1	343	1	343	3.48e-215	596
GCA_055850635.1_ASM5585063v1_genomicΩJBCUGQ010000008.1_72	UniRef100_Q01Q28~K02341	61.9	339	128	1	1	339	1	338	1.07e-136	397
GCA_055850635.1_ASM5585063v1_genomicΩJBCUGQ010000003.1_19	UniRef100_Q01SL0~K03924	74.8	333	84	0	11	343	7	339	3.17e-173	490
GCA_055850635.1_ASM5585063v1_genomicΩJBCUGQ010000001.1_854	UniRef100_Q025G0~K11069	59.2	341	135	3	1	338	1	340	2.36e-130	381
GCA_055850635.1_ASM5585063v1_genomicΩJBCUGQ010000001.1_710	UniRef100_L0DMU2~K01053	43.4	334	145	9	24	342	63	367	5.14e-73	236
GCA_055850635.1_ASM5585063v1_genomicΩJBCUGQ010000001.1_541	UniRef100_A0A160DXY1~K12994	36.7	371	185	9	15	341	14	378	2.26e-43	159
GCA_055850635.1_ASM5585063v1_genomicΩJBCUGQ010000002.1_324	UniRef100_Q022E0~K03306	65.2	339	114	2	3	338	2	339	1.86e-149	430
GCA_055850635.1_ASM5585063v1_genomicΩJBCUGQ010000001.1_1320	UniRef100_A0A0F8VXC7~K00008	42.8	346	184	4	7	339	1	345	6.81e-96	294
GCA_055850635.1_ASM5585063v1_genomicΩJBCUGQ010000001.1_1109	UniRef100_Q01SP8~K01889	73.8	340	88	1	3	341	2	341	2.97e-183	515
GCA_055850635.1_ASM5585063v1_genomicΩJBCUGQ010000001.1_979	UniRef100_Q01RW6~K00426	60.8	339	133	0	1	339	3	341	3.61e-149	429
GCA_055850635.1_ASM5585063v1_genomicΩJBCUGQ010000010.1_35	UniRef100_A0A1S6F546~K08082	36.1	355	205	6	3	339	4	354	1.43e-51	180
GCA_055850635.1_ASM5585063v1_genomicΩJBCUGQ010000005.1_174	UniRef100_Q02C63~K02410	65.9	337	115	0	5	341	8	344	1.30e-149	430
GCA_055850635.1_ASM5585063v1_genomicΩJBCUGQ010000004.1_63	UniRef100_Q026F7~K00874	62.1	340	128	1	3	341	5	344	2.34e-145	419
GCA_055850635.1_ASM5585063v1_genomicΩJBCUGQ010000002.1_361	UniRef100_Q02AG6~K03551	71.1	342	98	1	1	341	1	342	6.68e-164	466
GCA_055850635.1_ASM5585063v1_genomicΩJBCUGQ010000001.1_795	UniRef100_Q01ZY4~K03569	89.4	341	36	0	1	341	1	341	2.01e-213	592
GCA_055850635.1_ASM5585063v1_genomicΩJBCUGQ010000001.1_511	UniRef100_Q01RS7~K01933	70.1	331	99	0	3	333	15	345	5.27e-164	467
GCA_055850635.1_ASM5585063v1_genomicΩJBCUGQ010000001.1_179	UniRef100_Q028S4~K08963	72.3	339	88	1	1	333	1	339	1.94e-165	470
GCA_055850635.1_ASM5585063v1_genomicΩJBCUGQ010000005.1_132	UniRef100_I3ZBB8~K07114	31.6	316	162	4	35	336	46	321	1.32e-33	132
GCA_055850635.1_ASM5585063v1_genomicΩJBCUGQ010000004.1_166	UniRef100_Q01QI4~K02446	64.7	317	109	1	16	332	3	316	5.07e-132	385
GCA_055850635.1_ASM5585063v1_genomicΩJBCUGQ010000001.1_530	UniRef100_Q02B18~K21029	60.2	332	130	1	8	339	14	343	1.65e-130	382
GCA_055850635.1_ASM5585063v1_genomicΩJBCUGQ010000001.1_218	UniRef100_Q02CM4~K00053	74.0	339	88	0	1	339	1	339	9.87e-181	509
GCA_055850635.1_ASM5585063v1_genomicΩJBCUGQ010000016.1_11	UniRef100_A0A076L9K5~K00320	36.4	308	186	6	7	310	4	305	1.22e-48	172
GCA_055850635.1_ASM5585063v1_genomicΩJBCUGQ010000006.1_42	UniRef100_Q028K5~K10536	62.5	331	114	2	4	334	6	326	2.46e-147	424
GCA_055850635.1_ASM5585063v1_genomicΩJBCUGQ010000004.1_238	UniRef100_Q024T7~K06041	58.1	315	131	1	18	332	22	335	2.34e-114	340
GCA_055850635.1_ASM5585063v1_genomicΩJBCUGQ010000004.1_184	UniRef100_Q01SR3~K02843	62.4	340	122	3	3	338	7	344	2.29e-134	392
GCA_055850635.1_ASM5585063v1_genomicΩJBCUGQ010000002.1_162	UniRef100_Q01RP2~K03621	70.5	329	97	0	1	329	1	329	6.84e-164	466
GCA_055850635.1_ASM5585063v1_genomicΩJBCUGQ010000005.1_5	UniRef100_Q028P1~K03771	52.5	324	153	1	12	335	13	335	2.49e-114	340
GCA_055850635.1_ASM5585063v1_genomicΩJBCUGQ010000004.1_270	UniRef100_Q01QZ4~K07082	52.6	329	147	3	1	328	4	324	7.94e-105	316
GCA_055850635.1_ASM5585063v1_genomicΩJBCUGQ010000001.1_1278	UniRef100_Q021N5~K00766	57.4	333	138	1	1	329	1	333	1.52e-107	323
GCA_055850635.1_ASM5585063v1_genomicΩJBCUGQ010000006.1_6	UniRef100_A0A0K1PTH6~K07713	49.2	313	146	5	27	331	10	317	1.08e-78	249
GCA_055850635.1_ASM5585063v1_genomicΩJBCUGQ010000003.1_299	UniRef100_Q02B35~K03705	59.0	334	137	0	4	337	10	343	6.40e-130	380
GCA_055850635.1_ASM5585063v1_genomicΩJBCUGQ010000002.1_320	UniRef100_Q01SU0~K07568	60.9	353	121	4	1	337	1	352	5.35e-145	419
GCA_055850635.1_ASM5585063v1_genomicΩJBCUGQ010000001.1_1139	UniRef100_B2TAU6~K10220	72.3	336	92	1	1	335	1	336	5.89e-193	540
GCA_055850635.1_ASM5585063v1_genomicΩJBCUGQ010000001.1_1083	UniRef100_A0A239SPT7~K10220	62.2	333	125	1	1	332	1	333	1.93e-151	434
GCA_055850635.1_ASM5585063v1_genomicΩJBCUGQ010000011.1_67	UniRef100_Q46P16~K15065	54.6	335	145	3	1	335	1	328	9.38e-118	349
GCA_055850635.1_ASM5585063v1_genomicΩJBCUGQ010000010.1_33	UniRef100_Q01Q09~K00030	64.7	334	118	0	1	334	1	334	8.78e-149	427
GCA_055850635.1_ASM5585063v1_genomicΩJBCUGQ010000002.1_111	UniRef100_Q02B44~K00145	68.3	331	104	1	6	336	18	347	5.43e-153	439
GCA_055850635.1_ASM5585063v1_genomicΩJBCUGQ010000001.1_432	UniRef100_A0A1B3BDN1~K18200&K00504	32.7	315	177	13	26	325	24	318	2.94e-41	152
GCA_055850635.1_ASM5585063v1_genomicΩJBCUGQ010000011.1_7	UniRef100_G2LDA2~K07114	38.9	296	150	6	39	334	51	315	1.36e-45	163
GCA_055850635.1_ASM5585063v1_genomicΩJBCUGQ010000006.1_88	UniRef100_G8NRT7~K01635	62.6	329	120	2	1	329	3	328	3.68e-137	398
GCA_055850635.1_ASM5585063v1_genomicΩJBCUGQ010000001.1_610	UniRef100_Q01XY9~K01990	69.9	312	90	1	1	308	1	312	1.96e-148	426
GCA_055850635.1_ASM5585063v1_genomicΩJBCUGQ010000001.1_266	UniRef100_Q01PY6~K00134	73.1	335	90	0	1	335	1	335	2.01e-180	508
GCA_055850635.1_ASM5585063v1_genomicΩJBCUGQ010000001.1_72	UniRef100_Q01T66~K01710	73.4	335	89	0	1	335	1	335	1.72e-175	495
GCA_055850635.1_ASM5585063v1_genomicΩJBCUGQ010000011.1_91	UniRef100_Q01R23~K01438	66.1	333	112	1	1	332	1	333	1.19e-149	430
GCA_055850635.1_ASM5585063v1_genomicΩJBCUGQ010000006.1_125	UniRef100_Q01U04~K01620	62.1	340	123	1	1	334	1	340	3.91e-143	414
GCA_055850635.1_ASM5585063v1_genomicΩJBCUGQ010000005.1_183	UniRef100_A0A031WET3~K05540	39.4	327	190	4	6	330	1	321	7.13e-82	257
GCA_055850635.1_ASM5585063v1_genomicΩJBCUGQ010000001.1_1154	UniRef100_Q01SM0~K03639	71.7	329	91	2	7	334	4	331	4.34e-169	479
GCA_055850635.1_ASM5585063v1_genomicΩJBCUGQ010000001.1_798	UniRef100_Q01Z24~K07019	51.6	312	146	1	16	327	4	310	9.19e-107	320
GCA_055850635.1_ASM5585063v1_genomicΩJBCUGQ010000001.1_455	UniRef100_Q01NE5~K06980	53.0	285	133	1	30	314	4	287	8.26e-94	286
GCA_055850635.1_ASM5585063v1_genomicΩJBCUGQ010000001.1_95	UniRef100_A5UY63~K19745	59.2	326	132	1	8	333	6	330	1.48e-119	353
GCA_055850635.1_ASM5585063v1_genomicΩJBCUGQ010000009.1_105	UniRef100_A0A142XFC6~K00162	52.3	327	155	1	1	327	1	326	5.40e-109	327
GCA_055850635.1_ASM5585063v1_genomicΩJBCUGQ010000004.1_98	UniRef100_Q021Q1~K02523	67.8	332	107	0	1	332	1	332	8.53e-160	455
GCA_055850635.1_ASM5585063v1_genomicΩJBCUGQ010000002.1_24	UniRef100_F4CJ88~K00549	50.0	334	163	1	2	331	12	345	2.41e-116	347
GCA_055850635.1_ASM5585063v1_genomicΩJBCUGQ010000001.1_525	UniRef100_Q022G3~K03979	76.9	333	75	1	1	333	1	331	7.72e-178	501
GCA_055850635.1_ASM5585063v1_genomicΩJBCUGQ010000001.1_435	UniRef100_A0A0A8K8T3~K18235	42.8	320	175	8	12	326	19	335	6.80e-12	72.4
GCA_055850635.1_ASM5585063v1_genomicΩJBCUGQ010000001.1_1192	UniRef100_A8I5E9~K18336	34.5	284	154	8	40	312	18	280	3.29e-39	145
GCA_055850635.1_ASM5585063v1_genomicΩJBCUGQ010000001.1_807	UniRef100_F2IYN7~K03392	54.8	332	146	3	2	329	3	334	8.56e-125	367
GCA_055850635.1_ASM5585063v1_genomicΩJBCUGQ010000004.1_26	UniRef100_Q01UH7~K03924	75.2	322	79	1	4	324	7	328	6.40e-164	466
GCA_055850635.1_ASM5585063v1_genomicΩJBCUGQ010000001.1_1115	UniRef100_A1SZ47~K04477	45.5	275	148	2	10	282	5	279	1.30e-71	229
GCA_055850635.1_ASM5585063v1_genomicΩJBCUGQ010000001.1_951	UniRef100_Q02C91~K00057	60.6	330	127	1	2	331	3	329	5.59e-128	374
GCA_055850635.1_ASM5585063v1_genomicΩJBCUGQ010000001.1_26	UniRef100_A0A1Y6K567~K07282	35.7	311	185	6	9	312	65	367	5.45e-44	160
GCA_055850635.1_ASM5585063v1_genomicΩJBCUGQ010000009.1_93	UniRef100_A0A1A9EWL7~K08679	60.4	333	115	2	1	316	1	333	8.29e-139	402
GCA_055850635.1_ASM5585063v1_genomicΩJBCUGQ010000008.1_35	UniRef100_Q01XL8~K01991	46.2	288	155	0	36	323	54	341	2.78e-87	271
GCA_055850635.1_ASM5585063v1_genomicΩJBCUGQ010000008.1_15	UniRef100_A0A1B2I816~K00604	39.9	281	156	5	24	304	19	286	9.74e-52	178
GCA_055850635.1_ASM5585063v1_genomicΩJBCUGQ010000003.1_168	UniRef100_A7NRX9~K07301	50.2	325	159	2	1	323	23	346	3.16e-101	307
GCA_055850635.1_ASM5585063v1_genomicΩJBCUGQ010000002.1_356	UniRef100_D5WJM0~K15065	44.8	335	174	6	1	330	1	329	4.59e-90	278
GCA_055850635.1_ASM5585063v1_genomicΩJBCUGQ010000002.1_226	UniRef100_M4VB67~K01921	44.0	332	180	2	1	330	4	331	2.39e-105	317
GCA_055850635.1_ASM5585063v1_genomicΩJBCUGQ010000001.1_1037	UniRef100_A9HYI4~K02051	46.5	301	160	1	31	330	37	337	5.26e-87	270
GCA_055850635.1_ASM5585063v1_genomicΩJBCUGQ010000001.1_904	UniRef100_W0DIW7~K12448	58.5	318	131	1	6	322	1	318	1.89e-128	375
GCA_055850635.1_ASM5585063v1_genomicΩJBCUGQ010000001.1_903	UniRef100_A2CC68~K00721	51.6	322	145	4	8	326	29	342	2.06e-98	300
GCA_055850635.1_ASM5585063v1_genomicΩJBCUGQ010000001.1_598	UniRef100_A0A0K2SHA6~K02051	49.2	305	149	4	28	328	40	342	8.01e-77	244
GCA_055850635.1_ASM5585063v1_genomicΩJBCUGQ010000003.1_83	UniRef100_Q029M3~K03527	67.9	318	102	0	4	321	5	322	9.18e-149	427
GCA_055850635.1_ASM5585063v1_genomicΩJBCUGQ010000002.1_193	UniRef100_D1CDZ3~K01754	57.0	305	131	0	5	309	20	324	6.78e-107	322
GCA_055850635.1_ASM5585063v1_genomicΩJBCUGQ010000002.1_18	UniRef100_Q02D61~K07214	81.2	319	55	1	11	329	13	326	3.93e-198	552
GCA_055850635.1_ASM5585063v1_genomicΩJBCUGQ010000001.1_1040	UniRef100_Q01PP6~K02404	42.1	363	160	5	1	313	15	377	5.65e-70	228
GCA_055850635.1_ASM5585063v1_genomicΩJBCUGQ010000001.1_880	UniRef100_Q023K6~K02536	59.5	326	132	0	1	326	1	326	7.16e-80	252
GCA_055850635.1_ASM5585063v1_genomicΩJBCUGQ010000016.1_5	UniRef100_A0A0C2RTP8~K07795	30.3	323	206	11	15	325	9	324	5.24e-24	106
GCA_055850635.1_ASM5585063v1_genomicΩJBCUGQ010000008.1_95	UniRef100_A0A193GKL9~K19967	41.5	330	183	4	8	328	52	380	3.96e-61	205
GCA_055850635.1_ASM5585063v1_genomicΩJBCUGQ010000007.1_144	UniRef100_Q01YZ2~K12510	49.7	304	147	3	26	328	23	321	1.60e-81	256
GCA_055850635.1_ASM5585063v1_genomicΩJBCUGQ010000007.1_112	UniRef100_Q01U85~K01867	68.2	327	104	0	1	327	1	327	1.40e-160	457
GCA_055850635.1_ASM5585063v1_genomicΩJBCUGQ010000003.1_78	UniRef100_A0A291II67~K01053	31.7	325	158	8	33	328	30	319	5.73e-42	154
GCA_055850635.1_ASM5585063v1_genomicΩJBCUGQ010000002.1_45	UniRef100_A4YVZ7~K01259	36.7	324	181	5	21	326	16	333	2.08e-51	179
GCA_055850635.1_ASM5585063v1_genomicΩJBCUGQ010000001.1_158	UniRef100_A0A089KTK3~K00768	51.9	343	144	3	2	324	12	353	2.51e-96	295
GCA_055850635.1_ASM5585063v1_genomicΩJBCUGQ010000004.1_284	UniRef100_Q01QV9~K00648	69.5	331	97	1	1	327	1	331	1.48e-165	469
GCA_055850635.1_ASM5585063v1_genomicΩJBCUGQ010000001.1_570	UniRef100_Q021J6~K07114	43.3	323	177	4	8	326	3	323	2.24e-76	243
GCA_055850635.1_ASM5585063v1_genomicΩJBCUGQ010000011.1_50	UniRef100_A0A1W6ZT65~K21417	83.3	324	54	0	1	324	1	324	3.32e-193	539
GCA_055850635.1_ASM5585063v1_genomicΩJBCUGQ010000006.1_89	UniRef100_Q027I4~K11753	55.3	304	136	0	15	318	14	317	4.10e-105	316
GCA_055850635.1_ASM5585063v1_genomicΩJBCUGQ010000005.1_110	UniRef100_Q1IPZ1~K07114	33.9	310	174	8	23	320	54	344	1.19e-45	164
GCA_055850635.1_ASM5585063v1_genomicΩJBCUGQ010000001.1_1315	UniRef100_A9F508~K02275	43.7	316	168	5	12	326	10	316	4.90e-92	282
GCA_055850635.1_ASM5585063v1_genomicΩJBCUGQ010000001.1_1167	UniRef100_Q021L5~K07114	36.1	280	170	5	36	309	58	334	2.46e-45	163
GCA_055850635.1_ASM5585063v1_genomicΩJBCUGQ010000001.1_805	UniRef100_Q01X99~K00384	69.6	319	97	0	4	322	5	323	3.00e-164	466
GCA_055850635.1_ASM5585063v1_genomicΩJBCUGQ010000001.1_589	UniRef100_Q07R41~K01266	43.1	327	153	9	11	318	5	317	9.96e-43	156
GCA_055850635.1_ASM5585063v1_genomicΩJBCUGQ010000011.1_38	UniRef100_Q023Q5~K01921	68.4	323	102	0	2	324	3	325	3.47e-155	443
GCA_055850635.1_ASM5585063v1_genomicΩJBCUGQ010000006.1_99	UniRef100_L1J646~K11407	43.6	289	151	5	26	306	7	291	8.28e-66	215
GCA_055850635.1_ASM5585063v1_genomicΩJBCUGQ010000003.1_86	UniRef100_Q029M1~K00091	66.8	319	105	1	1	319	1	318	2.05e-151	433
GCA_055850635.1_ASM5585063v1_genomicΩJBCUGQ010000001.1_620	UniRef100_G8NTJ3~K18478	42.3	305	173	2	10	314	7	308	2.55e-66	216
GCA_055850635.1_ASM5585063v1_genomicΩJBCUGQ010000001.1_271	UniRef100_E0S0H7~K07011	33.6	283	173	7	2	273	4	282	1.27e-28	118
GCA_055850635.1_ASM5585063v1_genomicΩJBCUGQ010000006.1_129	UniRef100_Q01PT2~K00344	60.1	323	129	0	1	323	1	323	6.38e-126	369
GCA_055850635.1_ASM5585063v1_genomicΩJBCUGQ010000004.1_202	UniRef100_Q024X9~K01698	73.9	322	84	0	1	322	2	323	1.63e-171	484
GCA_055850635.1_ASM5585063v1_genomicΩJBCUGQ010000003.1_280	UniRef100_G4R6F6~K15975	52.5	316	145	3	5	317	8	321	5.70e-119	351
GCA_055850635.1_ASM5585063v1_genomicΩJBCUGQ010000003.1_266	UniRef100_Q02B73~K03924	72.1	312	80	2	16	323	13	321	1.25e-151	434
GCA_055850635.1_ASM5585063v1_genomicΩJBCUGQ010000003.1_182	UniRef100_A0LL87~K11178	45.8	321	172	2	1	320	2	321	3.82e-90	278
GCA_055850635.1_ASM5585063v1_genomicΩJBCUGQ010000003.1_181	UniRef100_Q1D4L7~K03153	35.4	353	184	7	3	318	4	349	2.96e-43	158
GCA_055850635.1_ASM5585063v1_genomicΩJBCUGQ010000002.1_382	UniRef100_K9U6H8~K20534	52.1	307	147	0	1	307	1	307	1.32e-112	335
GCA_055850635.1_ASM5585063v1_genomicΩJBCUGQ010000002.1_171	UniRef100_Q01QR1~K00948	74.5	314	80	0	10	323	1	314	1.19e-159	454
GCA_055850635.1_ASM5585063v1_genomicΩJBCUGQ010000002.1_109	UniRef100_A0A089NUX5~K07141	34.8	325	205	5	1	322	1	321	1.06e-28	119
GCA_055850635.1_ASM5585063v1_genomicΩJBCUGQ010000003.1_28	UniRef100_V7BZR0~K03695	34.6	315	183	3	4	318	1	292	3.46e-47	168
GCA_055850635.1_ASM5585063v1_genomicΩJBCUGQ010000002.1_170	UniRef100_Q01QR0~K00919	49.7	302	140	3	4	304	9	299	3.26e-78	247
GCA_055850635.1_ASM5585063v1_genomicΩJBCUGQ010000001.1_542	UniRef100_Q01PT2~K00344	62.4	322	121	0	1	322	1	322	2.10e-131	382
GCA_055850635.1_ASM5585063v1_genomicΩJBCUGQ010000001.1_167	UniRef100_Q024Y5~K00615	70.2	319	95	0	3	321	8	326	8.24e-151	432
GCA_055850635.1_ASM5585063v1_genomicΩJBCUGQ010000003.1_40	UniRef100_Q01PK6~K01754	61.8	309	117	1	13	321	32	339	5.09e-126	369
GCA_055850635.1_ASM5585063v1_genomicΩJBCUGQ010000001.1_616	UniRef100_Q028H6~K02836	78.7	319	67	1	1	318	1	319	1.71e-172	486
GCA_055850635.1_ASM5585063v1_genomicΩJBCUGQ010000008.1_92	UniRef100_Q028K3~K00001	62.9	318	117	1	1	318	1	317	6.22e-136	394
GCA_055850635.1_ASM5585063v1_genomicΩJBCUGQ010000007.1_123	UniRef100_Q027U8~K00133	48.9	333	154	8	2	320	7	337	8.78e-83	259
GCA_055850635.1_ASM5585063v1_genomicΩJBCUGQ010000003.1_39	UniRef100_Q7UKR1~K00058	37.4	318	178	7	9	320	42	344	6.91e-45	162
GCA_055850635.1_ASM5585063v1_genomicΩJBCUGQ010000003.1_12	UniRef100_Q02AV8~K00845	56.0	309	131	2	1	306	6	312	5.42e-112	333
GCA_055850635.1_ASM5585063v1_genomicΩJBCUGQ010000001.1_1054	UniRef100_Q114A5~K03810	37.1	318	184	6	3	305	17	333	4.78e-49	173
GCA_055850635.1_ASM5585063v1_genomicΩJBCUGQ010000001.1_364	UniRef100_Q023X2~K07038	42.0	326	183	3	1	320	1	326	3.28e-70	227
GCA_055850635.1_ASM5585063v1_genomicΩJBCUGQ010000001.1_155	UniRef100_A0A143PH43~K02015	46.9	318	154	5	11	314	43	359	5.24e-73	235
GCA_055850635.1_ASM5585063v1_genomicΩJBCUGQ010000001.1_112	UniRef100_A0A1P9WUS5~K01012	64.0	314	113	0	5	318	2	315	2.56e-143	413
GCA_055850635.1_ASM5585063v1_genomicΩJBCUGQ010000001.1_78	UniRef100_A0A1B2EA30~K00446	79.8	312	63	0	1	312	7	318	2.56e-194	541
GCA_055850635.1_ASM5585063v1_genomicΩJBCUGQ010000001.1_48	UniRef100_K4QT35~K18911	46.6	307	155	6	12	317	21	319	4.11e-68	221
GCA_055850635.1_ASM5585063v1_genomicΩJBCUGQ010000003.1_4	UniRef100_Q5V580~K01741&K01151	49.7	322	158	3	1	319	1	321	2.09e-103	311
GCA_055850635.1_ASM5585063v1_genomicΩJBCUGQ010000011.1_68	UniRef100_A0A0X4JVM4~K10220	48.3	321	151	3	1	308	24	342	9.03e-107	320
GCA_055850635.1_ASM5585063v1_genomicΩJBCUGQ010000011.1_49	UniRef100_A0A127F203~K21416	74.5	318	80	1	1	318	23	339	9.79e-166	470
GCA_055850635.1_ASM5585063v1_genomicΩJBCUGQ010000008.1_89	UniRef100_Q01PH6~K07147	61.9	315	106	6	1	314	1	302	7.71e-129	375
GCA_055850635.1_ASM5585063v1_genomicΩJBCUGQ010000007.1_117	UniRef100_C7QKJ4~K09760	39.0	333	157	4	1	287	10	342	3.02e-60	202
GCA_055850635.1_ASM5585063v1_genomicΩJBCUGQ010000006.1_44	UniRef100_Q020U1~K18979	61.9	310	107	4	1	302	1	307	1.04e-127	374
GCA_055850635.1_ASM5585063v1_genomicΩJBCUGQ010000003.1_297	UniRef100_A0A095RSI9~K01452	34.1	279	166	5	41	303	23	299	7.13e-39	145
GCA_055850635.1_ASM5585063v1_genomicΩJBCUGQ010000003.1_116	UniRef100_A0A1A9EUA5~K21711	35.5	282	180	2	5	285	16	296	7.64e-39	145
GCA_055850635.1_ASM5585063v1_genomicΩJBCUGQ010000001.1_1087	UniRef100_G2LH97~K07114	38.4	294	167	5	28	312	31	319	1.58e-49	173
GCA_055850635.1_ASM5585063v1_genomicΩJBCUGQ010000001.1_829	UniRef100_Q02A45~K07114	52.9	306	141	3	16	318	6	311	1.21e-109	327
GCA_055850635.1_ASM5585063v1_genomicΩJBCUGQ010000011.1_28	UniRef100_Q01U44~K01738	74.1	316	82	0	2	317	3	318	7.58e-165	467
GCA_055850635.1_ASM5585063v1_genomicΩJBCUGQ010000010.1_39	UniRef100_A0A1X4JXJ6~K12510	33.8	272	179	1	46	316	53	324	7.37e-41	150
GCA_055850635.1_ASM5585063v1_genomicΩJBCUGQ010000005.1_154	UniRef100_Q01TT9~K01990	65.7	309	106	0	9	317	3	311	3.41e-145	417
GCA_055850635.1_ASM5585063v1_genomicΩJBCUGQ010000004.1_182	UniRef100_Q01SR1~K02841	57.5	308	120	4	12	311	1	305	4.88e-107	320
GCA_055850635.1_ASM5585063v1_genomicΩJBCUGQ010000004.1_151	UniRef100_Q01YT1~K03110	69.4	317	95	1	1	317	1	315	1.01e-152	436
GCA_055850635.1_ASM5585063v1_genomicΩJBCUGQ010000001.1_235	UniRef100_D9QIM1~K02051	47.1	295	146	1	31	315	4	298	4.16e-80	251
GCA_055850635.1_ASM5585063v1_genomicΩJBCUGQ010000002.1_181	UniRef100_Q01P32~K01990	66.1	301	101	1	16	315	4	304	1.26e-137	397
GCA_055850635.1_ASM5585063v1_genomicΩJBCUGQ010000001.1_69	UniRef100_Q029C7~K01710	70.6	306	90	0	6	311	2	307	4.81e-164	464
GCA_055850635.1_ASM5585063v1_genomicΩJBCUGQ010000001.1_647	UniRef100_Q02B09~K12339	67.7	316	101	1	1	315	1	316	7.58e-157	446
GCA_055850635.1_ASM5585063v1_genomicΩJBCUGQ010000011.1_46	UniRef100_Q01NJ5~K00075	55.5	310	135	2	4	310	2	311	1.16e-111	332
GCA_055850635.1_ASM5585063v1_genomicΩJBCUGQ010000002.1_337	UniRef100_A0A060DXY2~K10219	70.1	314	92	2	1	313	1	313	1.37e-156	446
GCA_055850635.1_ASM5585063v1_genomicΩJBCUGQ010000001.1_1166	UniRef100_E8X5A1~K07114	33.7	282	178	6	28	304	70	347	5.74e-41	151
GCA_055850635.1_ASM5585063v1_genomicΩJBCUGQ010000001.1_1046	UniRef100_Q01YA2~K17828	72.9	303	82	0	1	303	1	303	6.18e-155	441
GCA_055850635.1_ASM5585063v1_genomicΩJBCUGQ010000001.1_885	UniRef100_Q024T2~K00611	57.4	317	128	2	4	313	8	324	1.02e-115	342
GCA_055850635.1_ASM5585063v1_genomicΩJBCUGQ010000002.1_312	UniRef100_Q02AM9~K03769	32.2	307	188	5	5	303	7	301	2.06e-39	146
GCA_055850635.1_ASM5585063v1_genomicΩJBCUGQ010000002.1_288	UniRef100_Q01UZ5~K00826	69.1	307	93	2	1	306	1	306	3.22e-161	457
GCA_055850635.1_ASM5585063v1_genomicΩJBCUGQ010000002.1_183	UniRef100_Q01P34~K01990	66.1	313	105	1	1	312	1	313	1.26e-149	428
GCA_055850635.1_ASM5585063v1_genomicΩJBCUGQ010000001.1_857	UniRef100_Q01U23~K01784	71.7	307	85	1	6	310	3	309	1.04e-151	433
GCA_055850635.1_ASM5585063v1_genomicΩJBCUGQ010000001.1_197	UniRef100_Q01NK8~K16264	55.8	285	125	1	16	299	15	299	5.60e-102	307
GCA_055850635.1_ASM5585063v1_genomicΩJBCUGQ010000001.1_1186	UniRef100_B1I5R0~K03413	43.9	301	164	3	1	300	1	297	2.98e-81	254
GCA_055850635.1_ASM5585063v1_genomicΩJBCUGQ010000001.1_851	UniRef100_Q025G3~K11072	62.5	312	113	2	5	312	12	323	1.44e-124	365
GCA_055850635.1_ASM5585063v1_genomicΩJBCUGQ010000004.1_195	UniRef100_I3ZBB8~K07114	33.3	291	181	6	22	307	39	321	6.82e-33	129
GCA_055850635.1_ASM5585063v1_genomicΩJBCUGQ010000001.1_669	UniRef100_Q029I5~K00791	54.1	305	138	1	1	303	3	307	5.44e-103	309
GCA_055850635.1_ASM5585063v1_genomicΩJBCUGQ010000001.1_272	UniRef100_Q01PS1~K07011	49.2	295	144	3	6	296	7	299	4.69e-85	263
GCA_055850635.1_ASM5585063v1_genomicΩJBCUGQ010000009.1_52	UniRef100_Q02BG8~K00384	75.6	307	75	0	4	310	1	307	7.15e-170	479
GCA_055850635.1_ASM5585063v1_genomicΩJBCUGQ010000006.1_72	UniRef100_Q028L2~K00024	77.4	310	70	0	1	310	1	310	2.78e-170	480
GCA_055850635.1_ASM5585063v1_genomicΩJBCUGQ010000005.1_101	UniRef100_A0A0G8LX96~K08994	53.2	310	137	2	1	310	1	302	1.02e-106	318
GCA_055850635.1_ASM5585063v1_genomicΩJBCUGQ010000004.1_96	UniRef100_A0A0G2ZVJ3~K02051	56.1	289	120	4	25	309	48	333	4.82e-100	303
GCA_055850635.1_ASM5585063v1_genomicΩJBCUGQ010000004.1_80	UniRef100_Q02CJ6~K03717	59.7	298	119	1	4	301	1	297	1.93e-123	361
GCA_055850635.1_ASM5585063v1_genomicΩJBCUGQ010000001.1_1205	UniRef100_Q02A99~K01772	61.8	317	107	3	4	306	3	319	1.80e-128	374
GCA_055850635.1_ASM5585063v1_genomicΩJBCUGQ010000003.1_134	UniRef100_Q01PX2~K00648	52.3	308	145	1	3	308	2	309	5.81e-90	276
GCA_055850635.1_ASM5585063v1_genomicΩJBCUGQ010000003.1_58	UniRef100_Q01SL9~K03517	75.4	309	76	0	1	309	1	309	1.49e-169	478
GCA_055850635.1_ASM5585063v1_genomicΩJBCUGQ010000001.1_965	UniRef100_L7U642~K01990	60.9	302	118	0	7	308	8	309	2.28e-123	361
GCA_055850635.1_ASM5585063v1_genomicΩJBCUGQ010000001.1_220	UniRef100_A1K9A1~K07147	54.7	316	123	5	5	309	12	318	9.46e-116	342
GCA_055850635.1_ASM5585063v1_genomicΩJBCUGQ010000016.1_15	UniRef100_A0A2A6MZG2~K01998	37.8	296	181	2	2	295	34	328	3.20e-48	170
GCA_055850635.1_ASM5585063v1_genomicΩJBCUGQ010000010.1_65	UniRef100_Q01V56~K00609	79.7	301	61	0	1	301	1	301	2.89e-165	467
GCA_055850635.1_ASM5585063v1_genomicΩJBCUGQ010000005.1_207	UniRef100_A0A1P8FIK6~K00604	67.7	310	98	1	1	308	1	310	3.30e-145	416
GCA_055850635.1_ASM5585063v1_genomicΩJBCUGQ010000004.1_25	UniRef100_A0A1L5LLX9~K01239	33.6	301	180	6	24	305	6	305	1.93e-43	157
GCA_055850635.1_ASM5585063v1_genomicΩJBCUGQ010000003.1_36	UniRef100_Q02AU9~K00882	57.2	306	131	0	1	306	1	306	5.13e-113	335
GCA_055850635.1_ASM5585063v1_genomicΩJBCUGQ010000002.1_27	UniRef100_A0A0V8M2L4~K09153	39.0	292	161	6	15	298	8	290	7.11e-53	181
GCA_055850635.1_ASM5585063v1_genomicΩJBCUGQ010000001.1_1088	UniRef100_G2LH97~K07114	36.2	279	166	4	33	302	44	319	1.53e-46	165
GCA_055850635.1_ASM5585063v1_genomicΩJBCUGQ010000010.1_31	UniRef100_Q01RU1~K00796	65.2	276	96	0	4	279	2	277	3.42e-121	354
GCA_055850635.1_ASM5585063v1_genomicΩJBCUGQ010000009.1_90	UniRef100_C1F2S6~K01991	36.1	310	174	10	5	305	8	302	1.23e-28	117
GCA_055850635.1_ASM5585063v1_genomicΩJBCUGQ010000001.1_38	UniRef100_C1F2A3~K03522	62.2	323	103	4	3	306	4	326	1.86e-117	347
GCA_055850635.1_ASM5585063v1_genomicΩJBCUGQ010000010.1_40	UniRef100_A0A1B4B5P3~K12511	39.4	259	141	4	48	294	51	305	7.90e-38	142
GCA_055850635.1_ASM5585063v1_genomicΩJBCUGQ010000004.1_188	UniRef100_Q02CX1~K01990	59.6	307	123	1	1	306	1	307	1.37e-126	369
GCA_055850635.1_ASM5585063v1_genomicΩJBCUGQ010000010.1_23	UniRef100_A0A1B4C4U2~K05817	46.9	290	152	2	1	289	1	289	1.74e-71	228
GCA_055850635.1_ASM5585063v1_genomicΩJBCUGQ010000006.1_134	UniRef100_S0EUN8~K00500	61.3	292	113	0	8	299	4	295	5.28e-128	372
GCA_055850635.1_ASM5585063v1_genomicΩJBCUGQ010000005.1_153	UniRef100_E8WPH1~K01990	52.9	297	134	2	9	299	13	309	4.16e-100	302
GCA_055850635.1_ASM5585063v1_genomicΩJBCUGQ010000003.1_270	UniRef100_E8KI32~K02521	30.4	247	167	3	1	246	1	243	3.70e-22	100
GCA_055850635.1_ASM5585063v1_genomicΩJBCUGQ010000003.1_90	UniRef100_A0A1C3K899~K02291	32.3	257	167	3	38	291	17	269	7.39e-32	125
GCA_055850635.1_ASM5585063v1_genomicΩJBCUGQ010000001.1_961	UniRef100_Q3AQT5~K00856	48.2	305	150	3	1	303	1	299	6.69e-99	298
GCA_055850635.1_ASM5585063v1_genomicΩJBCUGQ010000001.1_164	UniRef100_Q024Y8~K07045	54.9	293	124	4	14	302	1	289	1.47e-100	302
GCA_055850635.1_ASM5585063v1_genomicΩJBCUGQ010000001.1_66	UniRef100_Q01U19~K07114	53.5	288	132	2	14	299	17	304	2.88e-94	288
GCA_055850635.1_ASM5585063v1_genomicΩJBCUGQ010000011.1_37	UniRef100_Q023Q4~K01476	66.8	304	101	0	1	304	1	304	5.29e-137	395
GCA_055850635.1_ASM5585063v1_genomicΩJBCUGQ010000007.1_143	UniRef100_Q01YZ3~K12511	52.5	259	119	2	48	304	48	304	5.81e-82	255
GCA_055850635.1_ASM5585063v1_genomicΩJBCUGQ010000006.1_56	UniRef100_K9XHZ3~K05845	37.1	294	175	4	16	299	1	294	9.63e-55	186
GCA_055850635.1_ASM5585063v1_genomicΩJBCUGQ010000001.1_1302	UniRef100_C1F2S6~K01991	33.9	277	167	9	34	304	37	303	1.96e-32	127
GCA_055850635.1_ASM5585063v1_genomicΩJBCUGQ010000001.1_1134	UniRef100_Q023V5~K00604	58.6	307	122	3	1	303	1	306	6.06e-121	355
GCA_055850635.1_ASM5585063v1_genomicΩJBCUGQ010000001.1_1051	UniRef100_Q01T87~K02405	63.2	247	90	1	58	304	7	252	3.14e-105	313
GCA_055850635.1_ASM5585063v1_genomicΩJBCUGQ010000001.1_995	UniRef100_Q01QM2~K00020	56.8	294	127	0	1	294	1	294	8.50e-118	346
GCA_055850635.1_ASM5585063v1_genomicΩJBCUGQ010000001.1_300	UniRef100_Q02D33~K03497	51.6	258	120	1	47	304	14	266	6.17e-75	236
GCA_055850635.1_ASM5585063v1_genomicΩJBCUGQ010000009.1_104	UniRef100_D3F6T5~K00161	50.3	302	148	2	1	302	9	308	4.63e-82	256
GCA_055850635.1_ASM5585063v1_genomicΩJBCUGQ010000007.1_76	UniRef100_E8V7X5~K06136	45.9	307	157	5	1	303	2	303	2.93e-78	246
GCA_055850635.1_ASM5585063v1_genomicΩJBCUGQ010000001.1_901	UniRef100_Q024I9~K00645	75.3	299	74	0	2	300	4	302	3.51e-148	424
GCA_055850635.1_ASM5585063v1_genomicΩJBCUGQ010000007.1_116	UniRef100_Q026S2~K00318	55.3	300	134	0	1	300	1	300	3.14e-111	330
GCA_055850635.1_ASM5585063v1_genomicΩJBCUGQ010000005.1_66	UniRef100_A0A1B1UNL2~K04098	58.6	302	122	2	1	300	1	301	7.39e-122	357
GCA_055850635.1_ASM5585063v1_genomicΩJBCUGQ010000004.1_234	UniRef100_Q02AL1~K02967	73.4	305	72	5	1	301	1	300	6.79e-144	412
GCA_055850635.1_ASM5585063v1_genomicΩJBCUGQ010000001.1_632	UniRef100_Q025H4~K02849	52.3	308	132	4	1	302	1	299	1.84e-99	300
GCA_055850635.1_ASM5585063v1_genomicΩJBCUGQ010000011.1_87	UniRef100_Q01R27~K01714	72.8	290	79	0	4	293	2	291	5.65e-148	422
GCA_055850635.1_ASM5585063v1_genomicΩJBCUGQ010000011.1_63	UniRef100_E1QQF9~K19244	39.4	312	170	7	1	297	1	308	6.31e-55	186
GCA_055850635.1_ASM5585063v1_genomicΩJBCUGQ010000005.1_53	UniRef100_Q01SN8~K04763	62.0	292	109	2	11	301	12	302	3.15e-125	365
GCA_055850635.1_ASM5585063v1_genomicΩJBCUGQ010000002.1_58	UniRef100_Q01VK1~K02416	61.0	267	104	0	29	295	1	267	2.44e-115	340
GCA_055850635.1_ASM5585063v1_genomicΩJBCUGQ010000001.1_226	UniRef100_Q01QL7~K02397	37.7	305	185	1	1	300	1	305	4.67e-61	202
GCA_055850635.1_ASM5585063v1_genomicΩJBCUGQ010000001.1_132	UniRef100_A0A089WU18~K21757	43.9	285	157	3	1	285	1	282	5.21e-59	196
GCA_055850635.1_ASM5585063v1_genomicΩJBCUGQ010000007.1_114	UniRef100_Q01Q25~K01488	57.1	294	126	0	3	296	10	303	6.60e-116	342
GCA_055850635.1_ASM5585063v1_genomicΩJBCUGQ010000004.1_295	UniRef100_Q01SD4~K00957	77.9	299	61	2	4	300	5	300	7.90e-172	483
GCA_055850635.1_ASM5585063v1_genomicΩJBCUGQ010000001.1_1254	UniRef100_Q02C57~K03733	58.2	297	124	0	2	298	7	303	1.09e-113	336
GCA_055850635.1_ASM5585063v1_genomicΩJBCUGQ010000001.1_1234	UniRef100_Q02AL5~K00872	64.4	292	104	0	8	299	10	301	2.65e-124	363
GCA_055850635.1_ASM5585063v1_genomicΩJBCUGQ010000001.1_893	UniRef100_A1K8K2~K00020	42.6	277	156	3	1	277	8	281	7.12e-55	186
GCA_055850635.1_ASM5585063v1_genomicΩJBCUGQ010000001.1_630	UniRef100_W7SDL2~K02902	30.4	299	196	3	5	300	2	291	2.18e-28	116
GCA_055850635.1_ASM5585063v1_genomicΩJBCUGQ010000001.1_398	UniRef100_Q01P07~K03595	59.5	301	121	1	1	300	1	301	9.54e-120	351
GCA_055850635.1_ASM5585063v1_genomicΩJBCUGQ010000009.1_29	UniRef100_Q020Y9~K01061	66.1	295	100	0	5	299	3	297	2.82e-143	410
GCA_055850635.1_ASM5585063v1_genomicΩJBCUGQ010000009.1_15	UniRef100_Q01PT6~K07106	60.7	270	105	1	1	269	1	270	8.57e-99	298
GCA_055850635.1_ASM5585063v1_genomicΩJBCUGQ010000005.1_159	UniRef100_Q1IP34~K07588	56.1	305	122	5	5	297	9	313	3.06e-94	287
GCA_055850635.1_ASM5585063v1_genomicΩJBCUGQ010000002.1_248	UniRef100_A0A1W5CHL9~K00884	33.1	314	188	7	2	296	1	311	9.23e-32	126
GCA_055850635.1_ASM5585063v1_genomicΩJBCUGQ010000007.1_100	UniRef100_D0MJL2~K02259	40.6	310	147	8	6	282	11	316	3.42e-48	169
GCA_055850635.1_ASM5585063v1_genomicΩJBCUGQ010000004.1_49	UniRef100_Q01X76~K01491	66.2	305	95	2	1	297	1	305	1.05e-135	392
GCA_055850635.1_ASM5585063v1_genomicΩJBCUGQ010000001.1_617	UniRef100_Q1IJ58~K07566	58.3	312	110	5	3	294	7	318	2.66e-108	323
GCA_055850635.1_ASM5585063v1_genomicΩJBCUGQ010000001.1_76	UniRef100_Q01ZC5~K02051	50.5	287	119	4	1	285	1	266	4.16e-90	275
GCA_055850635.1_ASM5585063v1_genomicΩJBCUGQ010000011.1_57	UniRef100_A0A098G831~K00020	46.6	283	151	0	6	288	1	283	2.77e-80	250
GCA_055850635.1_ASM5585063v1_genomicΩJBCUGQ010000007.1_148	UniRef100_Q028Y9~K02279	45.3	256	127	5	1	245	1	254	5.88e-56	188
GCA_055850635.1_ASM5585063v1_genomicΩJBCUGQ010000007.1_78	UniRef100_Q01TC1~K06911	77.3	299	66	1	1	297	1	299	5.57e-174	488
GCA_055850635.1_ASM5585063v1_genomicΩJBCUGQ010000007.1_60	UniRef100_A0A0H3LQ73~K00042	54.8	294	133	0	4	297	5	298	1.27e-104	313
GCA_055850635.1_ASM5585063v1_genomicΩJBCUGQ010000007.1_23	UniRef100_Q01SZ5~K03177	57.3	293	125	0	5	297	1	293	2.74e-118	347
GCA_055850635.1_ASM5585063v1_genomicΩJBCUGQ010000003.1_263	UniRef100_Q028Q9~K03644	67.4	301	90	3	3	295	4	304	1.63e-137	396
GCA_055850635.1_ASM5585063v1_genomicΩJBCUGQ010000002.1_267	UniRef100_Q022E4~K01749	62.3	297	107	2	1	295	1	294	1.20e-115	340
GCA_055850635.1_ASM5585063v1_genomicΩJBCUGQ010000007.1_2	UniRef100_Q01PW6~K06958	67.2	287	93	1	10	296	33	318	2.02e-131	381
GCA_055850635.1_ASM5585063v1_genomicΩJBCUGQ010000003.1_119	UniRef100_Q01SY5~K00067	66.7	291	97	0	1	291	1	291	4.20e-127	369
GCA_055850635.1_ASM5585063v1_genomicΩJBCUGQ010000002.1_236	UniRef100_A5GQI3~K02291	35.0	263	155	3	23	270	30	291	2.38e-33	130
GCA_055850635.1_ASM5585063v1_genomicΩJBCUGQ010000013.1_18	UniRef100_A0A0G4ATG8~K00948	41.0	295	170	3	1	293	1	293	2.74e-72	230
GCA_055850635.1_ASM5585063v1_genomicΩJBCUGQ010000002.1_201	UniRef100_Q01VW2~K01923	66.3	291	91	1	11	294	21	311	1.84e-134	389
GCA_055850635.1_ASM5585063v1_genomicΩJBCUGQ010000002.1_119	UniRef100_Q029X9~K02535	73.6	296	76	2	1	295	1	295	8.27e-153	434
GCA_055850635.1_ASM5585063v1_genomicΩJBCUGQ010000001.1_1260	UniRef100_Q01RT5~K02007	56.9	297	121	5	1	291	1	296	6.38e-90	275
GCA_055850635.1_ASM5585063v1_genomicΩJBCUGQ010000007.1_127	UniRef100_Q01RD2~K17837	49.0	259	110	3	47	288	30	283	7.27e-81	251
GCA_055850635.1_ASM5585063v1_genomicΩJBCUGQ010000007.1_122	UniRef100_Q027U9~K17103	60.7	298	106	3	4	294	3	296	1.30e-111	330
GCA_055850635.1_ASM5585063v1_genomicΩJBCUGQ010000007.1_18	UniRef100_Q1IKW8~K02556	64.3	291	103	1	1	290	1	291	1.64e-125	365
GCA_055850635.1_ASM5585063v1_genomicΩJBCUGQ010000004.1_137	UniRef100_Q02CB4~K06215	80.5	293	57	0	2	294	4	296	9.54e-159	449
GCA_055850635.1_ASM5585063v1_genomicΩJBCUGQ010000002.1_85	UniRef100_Q02A61~K18123	59.9	294	118	0	1	294	4	297	3.86e-123	359
GCA_055850635.1_ASM5585063v1_genomicΩJBCUGQ010000006.1_84	UniRef100_Q02A18~K13789	70.3	293	87	0	1	293	6	298	5.08e-133	384
GCA_055850635.1_ASM5585063v1_genomicΩJBCUGQ010000006.1_43	UniRef100_A0A142YMH9~K12251	70.6	289	85	0	3	291	7	295	2.59e-156	443
GCA_055850635.1_ASM5585063v1_genomicΩJBCUGQ010000005.1_62	UniRef100_Q01QF3~K01878	73.8	294	76	1	1	293	1	294	9.55e-162	457
GCA_055850635.1_ASM5585063v1_genomicΩJBCUGQ010000003.1_120	UniRef100_Q02DC7~K03179	74.1	286	74	0	7	292	8	293	1.80e-140	403
GCA_055850635.1_ASM5585063v1_genomicΩJBCUGQ010000001.1_118	UniRef100_Q02A85~K00963	79.3	294	60	1	1	293	1	294	7.26e-167	470
GCA_055850635.1_ASM5585063v1_genomicΩJBCUGQ010000002.1_274	UniRef100_B9M9L9~K02450	46.4	252	133	1	1	252	1	250	3.42e-67	216
GCA_055850635.1_ASM5585063v1_genomicΩJBCUGQ010000002.1_218	UniRef100_Q01PH9~K01816	43.7	268	143	4	25	292	22	281	1.56e-70	225
GCA_055850635.1_ASM5585063v1_genomicΩJBCUGQ010000001.1_1276	UniRef100_Q021N7~K01902	76.5	289	67	1	1	289	1	288	3.14e-150	427
GCA_055850635.1_ASM5585063v1_genomicΩJBCUGQ010000003.1_211	UniRef100_Q01TU5~K01151	59.8	281	113	0	1	281	1	281	1.07e-115	340
GCA_055850635.1_ASM5585063v1_genomicΩJBCUGQ010000002.1_329	UniRef100_Q01XF1~K03644	78.9	284	59	1	1	284	4	286	5.29e-163	460
GCA_055850635.1_ASM5585063v1_genomicΩJBCUGQ010000001.1_1164	UniRef100_A0A223S7X3~K15975	45.7	315	135	4	5	290	7	314	3.79e-82	256
GCA_055850635.1_ASM5585063v1_genomicΩJBCUGQ010000001.1_323	UniRef100_B8G7L2~K00033	59.7	290	110	2	1	286	11	297	1.26e-121	355
GCA_055850635.1_ASM5585063v1_genomicΩJBCUGQ010000005.1_70	UniRef100_A0A023NPE0~K09164	47.7	283	131	6	20	286	19	300	1.27e-79	249
GCA_055850635.1_ASM5585063v1_genomicΩJBCUGQ010000003.1_201	UniRef100_Q029S9~K05845	60.2	264	104	1	24	287	10	272	1.22e-102	306
GCA_055850635.1_ASM5585063v1_genomicΩJBCUGQ010000002.1_50	UniRef100_A1WVW1~K21703	31.5	286	196	0	3	288	5	290	1.85e-38	143
GCA_055850635.1_ASM5585063v1_genomicΩJBCUGQ010000002.1_330	UniRef100_G8NT53~K00603	50.2	299	135	4	1	288	17	312	2.85e-86	266
GCA_055850635.1_ASM5585063v1_genomicΩJBCUGQ010000001.1_1035	UniRef100_A9HYH8~K02050	69.7	290	82	2	3	288	5	292	5.92e-125	363
GCA_055850635.1_ASM5585063v1_genomicΩJBCUGQ010000001.1_1021	UniRef100_Q01ZU0~K00765	81.7	289	53	0	1	289	1	289	2.85e-164	463
GCA_055850635.1_ASM5585063v1_genomicΩJBCUGQ010000001.1_967	UniRef100_Q029S0~K03769	39.8	266	157	3	17	280	52	316	4.15e-51	176
GCA_055850635.1_ASM5585063v1_genomicΩJBCUGQ010000001.1_948	UniRef100_Q01P05~K01053	43.9	280	155	1	1	278	1	280	5.96e-73	231
GCA_055850635.1_ASM5585063v1_genomicΩJBCUGQ010000006.1_86	UniRef100_Q02A16~K00858	59.5	284	114	1	6	288	4	287	3.28e-113	333
GCA_055850635.1_ASM5585063v1_genomicΩJBCUGQ010000001.1_537	UniRef100_A0A142XAK6~K01061	64.5	276	96	1	15	288	6	281	1.44e-127	370
GCA_055850635.1_ASM5585063v1_genomicΩJBCUGQ010000016.1_14	UniRef100_A0A063UGH2~K01997	39.4	287	173	1	2	287	4	290	2.93e-54	183
GCA_055850635.1_ASM5585063v1_genomicΩJBCUGQ010000007.1_69	UniRef100_Q02BG4~K02517	62.0	292	105	2	2	287	8	299	1.54e-119	350
GCA_055850635.1_ASM5585063v1_genomicΩJBCUGQ010000003.1_238	UniRef100_Q022P8~K01061	83.3	287	48	0	1	287	1	287	5.57e-177	495
GCA_055850635.1_ASM5585063v1_genomicΩJBCUGQ010000002.1_182	UniRef100_Q01P33~K01992	46.4	302	146	4	1	287	1	301	1.11e-84	261
GCA_055850635.1_ASM5585063v1_genomicΩJBCUGQ010000001.1_321	UniRef100_Q025J6~K03799	57.0	277	118	1	2	278	4	279	1.50e-100	301
GCA_055850635.1_ASM5585063v1_genomicΩJBCUGQ010000010.1_76	UniRef100_Q01W40~K02654	47.9	282	122	6	3	281	2	261	1.09e-71	227
GCA_055850635.1_ASM5585063v1_genomicΩJBCUGQ010000008.1_28	UniRef100_Q0A569~K08679	43.3	289	144	2	3	273	2	288	2.53e-72	231
GCA_055850635.1_ASM5585063v1_genomicΩJBCUGQ010000006.1_159	UniRef100_Q01Q40~K03438	58.8	284	117	0	1	284	1	284	3.20e-110	326
GCA_055850635.1_ASM5585063v1_genomicΩJBCUGQ010000001.1_1006	UniRef100_Q02D04~K02662	44.9	296	149	4	3	286	1	294	7.26e-76	239
GCA_055850635.1_ASM5585063v1_genomicΩJBCUGQ010000001.1_194	UniRef100_Q02BU2~K02115	60.8	286	112	0	1	286	1	286	4.93e-107	318
GCA_055850635.1_ASM5585063v1_genomicΩJBCUGQ010000008.1_85	UniRef100_A0A0U2W6R5~K02050	43.9	244	137	0	39	282	31	274	7.22e-66	213
GCA_055850635.1_ASM5585063v1_genomicΩJBCUGQ010000006.1_76	UniRef100_Q01W38~K00845	58.8	277	113	1	4	280	3	278	6.16e-112	330
GCA_055850635.1_ASM5585063v1_genomicΩJBCUGQ010000005.1_161	UniRef100_Q01QU9~K00772	75.7	284	69	0	1	284	1	284	3.14e-157	445
GCA_055850635.1_ASM5585063v1_genomicΩJBCUGQ010000001.1_1089	UniRef100_Q01Q94~K06180	63.3	283	100	2	3	282	12	293	1.71e-114	337
GCA_055850635.1_ASM5585063v1_genomicΩJBCUGQ010000001.1_168	UniRef100_Q024Y4~K00615	68.8	266	81	1	21	284	7	272	6.98e-137	393
GCA_055850635.1_ASM5585063v1_genomicΩJBCUGQ010000005.1_120	UniRef100_I3ZIM7~K00406	43.9	244	117	7	56	284	44	282	9.41e-53	179
GCA_055850635.1_ASM5585063v1_genomicΩJBCUGQ010000003.1_205	UniRef100_Q7UDV8~K00563	42.7	239	127	3	4	232	6	244	9.80e-47	163
GCA_055850635.1_ASM5585063v1_genomicΩJBCUGQ010000001.1_791	UniRef100_A0A0S3U3V3~K07058	44.2	274	149	2	8	278	9	281	3.07e-68	219
GCA_055850635.1_ASM5585063v1_genomicΩJBCUGQ010000001.1_597	UniRef100_Q01P51~K00826	54.3	276	126	0	1	276	6	281	5.38e-99	297
GCA_055850635.1_ASM5585063v1_genomicΩJBCUGQ010000001.1_499	UniRef100_Q025V2~K03519	58.0	283	114	2	1	282	1	279	1.05e-99	299
GCA_055850635.1_ASM5585063v1_genomicΩJBCUGQ010000006.1_121	UniRef100_Q02C72~K02556	59.8	254	102	0	17	270	29	282	6.90e-93	282
GCA_055850635.1_ASM5585063v1_genomicΩJBCUGQ010000004.1_44	UniRef100_Q01UR2~K01963	65.4	283	95	2	1	280	1	283	2.29e-128	372
GCA_055850635.1_ASM5585063v1_genomicΩJBCUGQ010000003.1_112	UniRef100_Q01RD2~K17837	47.5	278	128	4	7	269	10	284	2.02e-85	263
GCA_055850635.1_ASM5585063v1_genomicΩJBCUGQ010000003.1_91	UniRef100_Q029L6~K02291	62.7	279	102	1	1	279	3	279	1.49e-120	352
GCA_055850635.1_ASM5585063v1_genomicΩJBCUGQ010000002.1_15	UniRef100_A0A0P0D2D5~K07448	50.4	284	136	2	3	281	2	285	1.44e-93	283
GCA_055850635.1_ASM5585063v1_genomicΩJBCUGQ010000011.1_35	UniRef100_D8NH20~K13075	39.0	282	151	7	9	282	12	280	1.63e-49	171
GCA_055850635.1_ASM5585063v1_genomicΩJBCUGQ010000007.1_99	UniRef100_Q01YC2~K02257	61.1	288	105	1	1	281	1	288	2.92e-111	328
GCA_055850635.1_ASM5585063v1_genomicΩJBCUGQ010000006.1_149	UniRef100_Q01Q50~K03589	42.6	230	128	3	56	282	31	259	9.12e-53	178
GCA_055850635.1_ASM5585063v1_genomicΩJBCUGQ010000002.1_208	UniRef100_A7SRT3~K00683	33.0	267	149	10	39	275	24	290	3.06e-28	115
GCA_055850635.1_ASM5585063v1_genomicΩJBCUGQ010000001.1_591	UniRef100_Q02BH9~K02065	61.5	278	96	3	3	278	2	270	3.08e-111	328
GCA_055850635.1_ASM5585063v1_genomicΩJBCUGQ010000006.1_113	UniRef100_Q02AU6~K00946	53.0	304	113	10	2	280	6	304	2.45e-85	263
GCA_055850635.1_ASM5585063v1_genomicΩJBCUGQ010000006.1_20	UniRef100_A0A143PRQ3~K07045	68.6	280	88	0	1	280	8	287	2.99e-144	412
GCA_055850635.1_ASM5585063v1_genomicΩJBCUGQ010000005.1_250	UniRef100_Q2RM60~K01918	52.5	276	130	1	1	276	3	277	8.25e-89	271
GCA_055850635.1_ASM5585063v1_genomicΩJBCUGQ010000005.1_137	UniRef100_Q02CA8~K03575	50.7	302	123	8	1	281	38	334	1.16e-80	252
GCA_055850635.1_ASM5585063v1_genomicΩJBCUGQ010000001.1_1291	UniRef100_Q01RD2~K17837	42.1	280	138	6	1	262	6	279	2.75e-69	221
GCA_055850635.1_ASM5585063v1_genomicΩJBCUGQ010000006.1_133	UniRef100_A0A0K1Q0S2~K07098	47.7	264	129	4	19	276	2	262	1.85e-75	236
GCA_055850635.1_ASM5585063v1_genomicΩJBCUGQ010000004.1_292	UniRef100_Q01QV3~K04518	60.1	273	107	1	7	277	8	280	1.46e-111	329
GCA_055850635.1_ASM5585063v1_genomicΩJBCUGQ010000002.1_231	UniRef100_W0RKS1~K00568	60.9	279	100	4	2	273	4	280	7.98e-105	312
GCA_055850635.1_ASM5585063v1_genomicΩJBCUGQ010000002.1_22	UniRef100_Q4DGT6~K02510	66.4	274	92	0	7	280	5	278	1.85e-127	369
GCA_055850635.1_ASM5585063v1_genomicΩJBCUGQ010000001.1_1041	UniRef100_Q01PP5~K02405	72.5	236	63	1	44	279	14	247	1.55e-110	325
GCA_055850635.1_ASM5585063v1_genomicΩJBCUGQ010000001.1_572	UniRef100_Q01S43~K11785	69.3	274	84	0	7	280	8	281	3.98e-139	399
GCA_055850635.1_ASM5585063v1_genomicΩJBCUGQ010000011.1_36	UniRef100_W8H968~K13075	30.9	233	151	6	53	278	27	256	1.54e-20	94.4
GCA_055850635.1_ASM5585063v1_genomicΩJBCUGQ010000008.1_33	UniRef100_A0A1W1IAA7~K09690	66.7	267	89	0	13	279	17	283	3.35e-131	379
GCA_055850635.1_ASM5585063v1_genomicΩJBCUGQ010000004.1_104	UniRef100_Q01NN2~K10979	72.9	251	68	0	1	251	1	251	1.26e-126	367
GCA_055850635.1_ASM5585063v1_genomicΩJBCUGQ010000001.1_547	UniRef100_Q48I72~K01507	37.1	259	154	5	1	256	1	253	1.17e-44	157
GCA_055850635.1_ASM5585063v1_genomicΩJBCUGQ010000001.1_376	UniRef100_Q01RX6~K07071	51.7	298	123	3	1	278	1	297	1.31e-93	284
GCA_055850635.1_ASM5585063v1_genomicΩJBCUGQ010000001.1_153	UniRef100_D8K8H6~K02016	41.4	263	152	1	17	279	43	303	1.01e-57	192
GCA_055850635.1_ASM5585063v1_genomicΩJBCUGQ010000011.1_86	UniRef100_Q01R28~K00674	68.3	278	86	1	1	278	1	276	1.49e-118	346
GCA_055850635.1_ASM5585063v1_genomicΩJBCUGQ010000009.1_23	UniRef100_Q02CL4~K01719	58.4	269	112	0	1	269	1	269	2.08e-102	305
GCA_055850635.1_ASM5585063v1_genomicΩJBCUGQ010000008.1_80	UniRef100_Q01U75~K07402	75.8	269	65	0	1	269	1	269	2.44e-148	422
GCA_055850635.1_ASM5585063v1_genomicΩJBCUGQ010000007.1_52	UniRef100_Q01ZH4~K06864	69.9	266	80	0	12	277	12	277	3.00e-131	379
GCA_055850635.1_ASM5585063v1_genomicΩJBCUGQ010000005.1_67	UniRef100_A0A060M8A1~K00435	41.8	261	124	3	20	274	7	245	6.43e-61	199
GCA_055850635.1_ASM5585063v1_genomicΩJBCUGQ010000004.1_168	UniRef100_A0A1B2HAM9~K07052	31.5	254	151	8	12	256	3	242	7.30e-18	87.4
GCA_055850635.1_ASM5585063v1_genomicΩJBCUGQ010000002.1_271	UniRef100_Q02AM4~K09002	70.0	273	82	0	1	273	1	273	8.07e-126	365
GCA_055850635.1_ASM5585063v1_genomicΩJBCUGQ010000001.1_1068	UniRef100_Q01NE1~K01962	70.7	266	78	0	8	273	4	269	3.36e-130	375
GCA_055850635.1_ASM5585063v1_genomicΩJBCUGQ010000001.1_201	UniRef100_I3ZIF9~K00406	44.9	247	125	2	39	278	42	284	1.02e-62	204
GCA_055850635.1_ASM5585063v1_genomicΩJBCUGQ010000003.1_103	UniRef100_Q01WU1~K01126	70.1	264	79	0	12	275	3	266	2.10e-131	379
GCA_055850635.1_ASM5585063v1_genomicΩJBCUGQ010000001.1_1314	UniRef100_Q1IMA2~K07152	43.9	239	131	2	30	265	31	269	2.91e-69	221
GCA_055850635.1_ASM5585063v1_genomicΩJBCUGQ010000001.1_1162	UniRef100_A0A192IDT1~K13075	34.4	256	151	9	26	273	3	249	3.09e-27	112
GCA_055850635.1_ASM5585063v1_genomicΩJBCUGQ010000014.1_5	UniRef100_Q01W95~K02886	82.6	276	48	0	1	276	1	276	2.61e-165	464
GCA_055850635.1_ASM5585063v1_genomicΩJBCUGQ010000003.1_59	UniRef100_Q01PF2~K00767	63.4	265	94	1	14	275	5	269	4.06e-102	304
GCA_055850635.1_ASM5585063v1_genomicΩJBCUGQ010000002.1_328	UniRef100_A0A143C9W8~K07155	41.8	285	144	5	3	268	1	282	6.90e-65	210
GCA_055850635.1_ASM5585063v1_genomicΩJBCUGQ010000003.1_33	UniRef100_B9MAH5~K09709	60.9	284	98	4	2	272	17	300	1.10e-118	347
GCA_055850635.1_ASM5585063v1_genomicΩJBCUGQ010000002.1_35	UniRef100_Q01VY2~K03593	69.0	277	80	3	1	274	1	274	4.70e-130	375
GCA_055850635.1_ASM5585063v1_genomicΩJBCUGQ010000002.1_29	UniRef100_Q01RX9~K02493	57.4	272	116	0	1	272	1	272	5.26e-105	311
GCA_055850635.1_ASM5585063v1_genomicΩJBCUGQ010000001.1_852	UniRef100_Q025G2~K11071	69.3	251	77	0	22	272	22	272	4.10e-117	342
GCA_055850635.1_ASM5585063v1_genomicΩJBCUGQ010000009.1_85	UniRef100_A0A0S3QV08~K18672	47.7	235	120	2	12	246	1	232	4.53e-57	189
GCA_055850635.1_ASM5585063v1_genomicΩJBCUGQ010000004.1_72	UniRef100_A0A1U7CIP0~K00675	60.7	272	105	2	1	271	1	271	4.98e-108	319
GCA_055850635.1_ASM5585063v1_genomicΩJBCUGQ010000001.1_982	UniRef100_K9U339~K06188	58.2	251	105	0	17	267	7	257	5.66e-99	296
GCA_055850635.1_ASM5585063v1_genomicΩJBCUGQ010000001.1_652	UniRef100_Q021Z5~K00806	67.2	271	81	3	1	264	1	270	1.77e-121	353
GCA_055850635.1_ASM5585063v1_genomicΩJBCUGQ010000001.1_478	UniRef100_Q01QX8~K07058	49.6	252	122	3	17	264	17	267	1.83e-73	231
GCA_055850635.1_ASM5585063v1_genomicΩJBCUGQ010000001.1_97	UniRef100_S4XZI7~K15578	50.4	266	125	3	1	261	4	267	1.39e-76	239
GCA_055850635.1_ASM5585063v1_genomicΩJBCUGQ010000002.1_90	UniRef100_Q02B06~K01719	66.7	246	82	0	19	264	1	246	1.36e-111	327
GCA_055850635.1_ASM5585063v1_genomicΩJBCUGQ010000002.1_20	UniRef100_A0A0H2X643~K05986	38.6	259	138	7	20	271	22	266	1.69e-43	154
GCA_055850635.1_ASM5585063v1_genomicΩJBCUGQ010000001.1_826	UniRef100_Q01T90~K09949	66.0	265	90	0	1	265	1	265	9.25e-115	336
GCA_055850635.1_ASM5585063v1_genomicΩJBCUGQ010000001.1_383	UniRef100_Q01NE4~K07053	66.7	273	90	1	1	272	1	273	8.40e-123	357
GCA_055850635.1_ASM5585063v1_genomicΩJBCUGQ010000012.1_20	UniRef100_A0A1L6L0S2~K00507	54.1	255	115	2	9	261	12	266	1.33e-87	268
GCA_055850635.1_ASM5585063v1_genomicΩJBCUGQ010000006.1_26	UniRef100_A0A1W5CH59~K00784	43.0	277	143	6	3	270	10	280	1.59e-71	227
GCA_055850635.1_ASM5585063v1_genomicΩJBCUGQ010000005.1_77	UniRef100_I4KKV6~K16856	46.6	266	116	5	12	268	31	279	2.75e-71	226
GCA_055850635.1_ASM5585063v1_genomicΩJBCUGQ010000001.1_882	UniRef100_Q02CY4~K07056	67.4	267	87	0	1	267	1	267	1.79e-119	348
GCA_055850635.1_ASM5585063v1_genomicΩJBCUGQ010000001.1_555	UniRef100_Q01WE6~K06153	52.9	272	126	1	1	270	1	272	4.41e-89	271
GCA_055850635.1_ASM5585063v1_genomicΩJBCUGQ010000005.1_227	UniRef100_Q01VL5~K13292	55.1	256	103	2	1	249	1	251	1.19e-89	272
GCA_055850635.1_ASM5585063v1_genomicΩJBCUGQ010000004.1_3	UniRef100_Q01NJ2~K00210	46.2	277	136	4	5	268	2	278	1.96e-65	211
GCA_055850635.1_ASM5585063v1_genomicΩJBCUGQ010000001.1_1029	UniRef100_G7ZFP6~K01039	74.3	268	69	0	1	268	15	282	1.42e-156	442
GCA_055850635.1_ASM5585063v1_genomicΩJBCUGQ010000001.1_689	UniRef100_A0A166Z4X5~K00784	34.8	244	137	4	16	249	10	241	3.26e-39	143
GCA_055850635.1_ASM5585063v1_genomicΩJBCUGQ010000006.1_77	UniRef100_D5SVF1~K01091	37.0	257	150	4	17	266	15	266	1.28e-37	139
GCA_055850635.1_ASM5585063v1_genomicΩJBCUGQ010000003.1_153	UniRef100_Q020U9~K09690	55.3	266	118	1	3	268	2	266	5.75e-99	296
GCA_055850635.1_ASM5585063v1_genomicΩJBCUGQ010000001.1_479	UniRef100_Q02BL8~K07124	56.7	261	105	3	4	264	4	256	3.57e-88	268
GCA_055850635.1_ASM5585063v1_genomicΩJBCUGQ010000001.1_64	UniRef100_Q01U20~K01092	65.4	266	91	1	4	268	3	268	5.07e-127	367
GCA_055850635.1_ASM5585063v1_genomicΩJBCUGQ010000020.1_4	UniRef100_A0A1B1YU29~K01087	52.9	261	118	3	1	259	1	258	7.55e-87	265
GCA_055850635.1_ASM5585063v1_genomicΩJBCUGQ010000006.1_122	UniRef100_Q02C73~K02557	49.6	262	128	2	5	262	3	264	1.34e-77	241
GCA_055850635.1_ASM5585063v1_genomicΩJBCUGQ010000004.1_293	UniRef100_Q01T80~K01627	72.8	254	65	1	12	265	9	258	2.58e-120	350
GCA_055850635.1_ASM5585063v1_genomicΩJBCUGQ010000001.1_365	UniRef100_S5YVM6~K07029	30.1	269	177	6	3	263	31	296	1.93e-19	92.0
GCA_055850635.1_ASM5585063v1_genomicΩJBCUGQ010000005.1_105	UniRef100_Q027H8~K02499	64.3	255	88	1	12	263	8	262	6.48e-109	321
GCA_055850635.1_ASM5585063v1_genomicΩJBCUGQ010000010.1_87	UniRef100_D5MN85~K02003	66.5	236	78	1	13	248	4	238	2.14e-103	306
GCA_055850635.1_ASM5585063v1_genomicΩJBCUGQ010000004.1_189	UniRef100_D5MMA9~K00059	36.9	271	161	7	1	263	15	283	3.76e-38	141
GCA_055850635.1_ASM5585063v1_genomicΩJBCUGQ010000001.1_301	UniRef100_Q02D34~K03496	67.6	256	83	0	1	256	1	256	1.24e-119	348
GCA_055850635.1_ASM5585063v1_genomicΩJBCUGQ010000001.1_96	UniRef100_A9EQX6~K15579	59.6	250	101	0	6	255	5	254	7.27e-98	294
GCA_055850635.1_ASM5585063v1_genomicΩJBCUGQ010000010.1_10	UniRef100_Q029V4~K09769	70.8	253	73	1	8	260	2	253	1.14e-131	378
GCA_055850635.1_ASM5585063v1_genomicΩJBCUGQ010000006.1_130	UniRef100_A8LSH6~K01692	45.2	261	142	1	3	263	5	264	9.25e-61	198
GCA_055850635.1_ASM5585063v1_genomicΩJBCUGQ010000003.1_269	UniRef100_A0A142X8C7~K01990	78.8	260	55	0	1	260	1	260	8.11e-144	409
GCA_055850635.1_ASM5585063v1_genomicΩJBCUGQ010000001.1_1081	UniRef100_A0A127EWC0~K02049	57.8	256	107	1	1	256	3	257	2.34e-102	304
GCA_055850635.1_ASM5585063v1_genomicΩJBCUGQ010000016.1_2	UniRef100_A0A1V0A9E2~K00059	48.1	239	121	2	15	250	14	252	1.40e-48	167
GCA_055850635.1_ASM5585063v1_genomicΩJBCUGQ010000010.1_95	UniRef100_Q02BP5~K03832	36.2	257	151	8	16	263	11	263	2.15e-31	122
GCA_055850635.1_ASM5585063v1_genomicΩJBCUGQ010000009.1_71	UniRef100_Q01RN6~K11782	57.0	249	102	2	3	251	13	256	5.26e-89	270
GCA_055850635.1_ASM5585063v1_genomicΩJBCUGQ010000003.1_192	UniRef100_A0A1W4YH56~K16795	30.2	215	133	4	28	240	21	220	5.58e-21	94.4
GCA_055850635.1_ASM5585063v1_genomicΩJBCUGQ010000002.1_378	UniRef100_A0A151NYX8~K00721	34.7	222	131	5	2	216	10	224	7.99e-30	118
GCA_055850635.1_ASM5585063v1_genomicΩJBCUGQ010000002.1_326	UniRef100_Q022D8~K14058	71.9	263	71	1	1	263	1	260	4.59e-138	394
GCA_055850635.1_ASM5585063v1_genomicΩJBCUGQ010000002.1_96	UniRef100_Q01PQ9~K02392	73.0	263	71	0	1	263	1	263	6.58e-134	384
GCA_055850635.1_ASM5585063v1_genomicΩJBCUGQ010000001.1_343	UniRef100_Q02C85~K19225	52.5	265	119	4	1	259	10	273	2.54e-82	254
GCA_055850635.1_ASM5585063v1_genomicΩJBCUGQ010000010.1_30	UniRef100_Q01RU9~K10563	54.0	265	118	4	1	262	1	264	8.93e-89	270
GCA_055850635.1_ASM5585063v1_genomicΩJBCUGQ010000005.1_251	UniRef100_D0LJC1~K00606	60.0	255	100	1	10	262	8	262	3.54e-100	300
GCA_055850635.1_ASM5585063v1_genomicΩJBCUGQ010000005.1_97	UniRef100_I0KBW2~K02379	52.2	276	113	4	5	261	4	279	7.93e-82	253
GCA_055850635.1_ASM5585063v1_genomicΩJBCUGQ010000003.1_261	UniRef100_A0A2D0SS92~K17286	52.1	238	113	1	6	242	35	272	4.41e-72	228
GCA_055850635.1_ASM5585063v1_genomicΩJBCUGQ010000003.1_32	UniRef100_A0A291GAK8~K06998	31.8	274	157	11	9	258	8	275	2.02e-17	85.9
GCA_055850635.1_ASM5585063v1_genomicΩJBCUGQ010000001.1_963	UniRef100_Q01XQ8~K01778	58.5	265	103	4	1	259	1	264	4.62e-97	291
GCA_055850635.1_ASM5585063v1_genomicΩJBCUGQ010000001.1_293	UniRef100_Q023J9~K00677	67.9	262	84	0	1	262	1	262	4.09e-125	362
GCA_055850635.1_ASM5585063v1_genomicΩJBCUGQ010000012.1_18	UniRef100_A0A143PUI9~K09701	61.4	241	90	1	1	241	2	239	9.31e-98	292
GCA_055850635.1_ASM5585063v1_genomicΩJBCUGQ010000010.1_85	UniRef100_Q01WL4~K06173	61.9	247	87	1	12	258	1	240	5.08e-104	307
GCA_055850635.1_ASM5585063v1_genomicΩJBCUGQ010000004.1_5	UniRef100_Q01NI9~K01695	63.5	260	93	1	4	261	2	261	1.39e-100	300
GCA_055850635.1_ASM5585063v1_genomicΩJBCUGQ010000003.1_199	UniRef100_G8ALD2~K07090	39.0	251	147	3	10	258	1	247	6.82e-44	154
GCA_055850635.1_ASM5585063v1_genomicΩJBCUGQ010000001.1_621	UniRef100_A0A143PRX7~K00059	58.6	263	107	1	1	261	1	263	1.04e-94	285
GCA_055850635.1_ASM5585063v1_genomicΩJBCUGQ010000007.1_16	UniRef100_A0A0F6VZ12~K00059	55.0	260	114	1	1	260	65	321	1.67e-81	253
GCA_055850635.1_ASM5585063v1_genomicΩJBCUGQ010000004.1_8	UniRef100_Q01NI6~K01609	63.0	262	94	2	1	260	1	261	3.30e-95	286
GCA_055850635.1_ASM5585063v1_genomicΩJBCUGQ010000008.1_81	UniRef100_Q021Q0~K03424	62.0	250	88	2	1	250	3	245	1.26e-105	312
GCA_055850635.1_ASM5585063v1_genomicΩJBCUGQ010000004.1_256	UniRef100_Q01SF7~K05896	61.2	260	97	3	2	257	3	262	2.85e-96	288
GCA_055850635.1_ASM5585063v1_genomicΩJBCUGQ010000004.1_215	UniRef100_Q027K7~K02013	61.8	254	96	1	5	257	14	267	2.02e-107	317
GCA_055850635.1_ASM5585063v1_genomicΩJBCUGQ010000002.1_203	UniRef100_A0A142XD08~K02554	48.8	256	130	1	3	258	6	260	1.56e-78	243
GCA_055850635.1_ASM5585063v1_genomicΩJBCUGQ010000001.1_1030	UniRef100_A0A1P8FL47~K01040	70.0	253	76	0	2	254	4	256	1.86e-118	345
GCA_055850635.1_ASM5585063v1_genomicΩJBCUGQ010000001.1_651	UniRef100_Q021Z6~K00981	47.4	253	128	1	1	253	1	248	4.34e-69	219
GCA_055850635.1_ASM5585063v1_genomicΩJBCUGQ010000010.1_37	UniRef100_Q01NZ1~K03149	81.3	256	47	1	2	256	3	258	4.44e-139	397
GCA_055850635.1_ASM5585063v1_genomicΩJBCUGQ010000006.1_90	UniRef100_Q027I3~K06167	64.1	251	88	1	6	254	8	258	8.29e-119	345
GCA_055850635.1_ASM5585063v1_genomicΩJBCUGQ010000005.1_87	UniRef100_Q1ISZ6~K07705	54.9	266	102	3	7	258	1	262	6.67e-92	277
GCA_055850635.1_ASM5585063v1_genomicΩJBCUGQ010000005.1_69	UniRef100_B6ZH66~K18613	40.7	231	129	5	33	258	2	229	2.59e-48	165
GCA_055850635.1_ASM5585063v1_genomicΩJBCUGQ010000001.1_1212	UniRef100_Q01V27~K02528	55.5	247	104	3	1	247	1	241	1.27e-78	243
GCA_055850635.1_ASM5585063v1_genomicΩJBCUGQ010000001.1_986	UniRef100_E3FG76~K02020	58.6	239	98	1	21	258	28	266	2.90e-84	258
GCA_055850635.1_ASM5585063v1_genomicΩJBCUGQ010000001.1_825	UniRef100_Q01T91~K00677	57.0	258	111	0	1	258	1	258	4.81e-86	262
GCA_055850635.1_ASM5585063v1_genomicΩJBCUGQ010000004.1_119	UniRef100_I4C559~K00065	43.0	249	142	0	4	252	7	255	2.93e-55	184
GCA_055850635.1_ASM5585063v1_genomicΩJBCUGQ010000001.1_593	UniRef100_S4NMU9~K03478	32.5	265	143	5	2	256	3	241	1.20e-35	133
GCA_055850635.1_ASM5585063v1_genomicΩJBCUGQ010000014.1_24	UniRef100_Q01WB4~K01265	72.3	256	71	0	1	256	1	256	4.30e-138	394
GCA_055850635.1_ASM5585063v1_genomicΩJBCUGQ010000002.1_70	UniRef100_Q020S9~K06966	66.7	246	81	1	8	252	11	256	1.71e-114	335
GCA_055850635.1_ASM5585063v1_genomicΩJBCUGQ010000001.1_931	UniRef100_Q01PF4~K03525	67.7	254	82	0	1	254	1	254	1.63e-127	367
GCA_055850635.1_ASM5585063v1_genomicΩJBCUGQ010000001.1_372	UniRef100_Q87TU2~K00721	32.5	234	144	5	9	233	7	235	7.38e-23	99.8
GCA_055850635.1_ASM5585063v1_genomicΩJBCUGQ010000001.1_189	UniRef100_A0A143PTC7~K01809	47.6	271	101	8	4	234	22	291	2.87e-72	229
GCA_055850635.1_ASM5585063v1_genomicΩJBCUGQ010000007.1_135	UniRef100_Q028L9~K01990	70.8	250	67	3	7	255	4	248	5.70e-113	330
GCA_055850635.1_ASM5585063v1_genomicΩJBCUGQ010000002.1_110	UniRef100_Q02B43~K00930	60.8	255	99	1	1	254	1	255	1.17e-90	274
GCA_055850635.1_ASM5585063v1_genomicΩJBCUGQ010000002.1_105	UniRef100_Q01PP9~K02421	46.6	251	134	0	3	253	5	255	7.28e-64	206
GCA_055850635.1_ASM5585063v1_genomicΩJBCUGQ010000001.1_611	UniRef100_Q01XY8~K01992	60.0	255	102	0	1	255	1	255	8.75e-107	315
GCA_055850635.1_ASM5585063v1_genomicΩJBCUGQ010000001.1_248	UniRef100_A0A291RNM4~K02050	64.0	253	91	0	2	254	3	255	3.40e-106	313
GCA_055850635.1_ASM5585063v1_genomicΩJBCUGQ010000001.1_98	UniRef100_D2R307~K15577	72.6	248	68	0	6	253	30	277	4.86e-126	364
GCA_055850635.1_ASM5585063v1_genomicΩJBCUGQ010000012.1_29	UniRef100_F8IGV3~K11476	30.6	216	131	6	19	228	19	221	1.43e-13	74.3
GCA_055850635.1_ASM5585063v1_genomicΩJBCUGQ010000008.1_3	UniRef100_A0A0S3TQT7~K06133	34.9	215	131	2	26	237	22	230	5.32e-35	131
GCA_055850635.1_ASM5585063v1_genomicΩJBCUGQ010000007.1_19	UniRef100_Q01U39~K02557	65.1	235	79	2	7	240	17	249	4.64e-104	308
GCA_055850635.1_ASM5585063v1_genomicΩJBCUGQ010000005.1_236	UniRef100_A0A0B8NPC1~K16050	33.7	273	136	12	8	246	18	279	7.38e-27	111
GCA_055850635.1_ASM5585063v1_genomicΩJBCUGQ010000003.1_157	UniRef100_Q01NY8~K00683	56.5	248	106	2	4	250	10	256	3.09e-91	275
GCA_055850635.1_ASM5585063v1_genomicΩJBCUGQ010000001.1_863	UniRef100_Q01XV4~K03100	58.1	248	92	2	9	254	26	263	8.06e-102	302
GCA_055850635.1_ASM5585063v1_genomicΩJBCUGQ010000004.1_88	UniRef100_E4Q963~K00943	49.5	220	111	0	10	229	5	224	4.46e-71	223
GCA_055850635.1_ASM5585063v1_genomicΩJBCUGQ010000001.1_1095	UniRef100_A0A248K340~K11475	49.4	239	117	3	16	251	2	239	2.77e-62	201
GCA_055850635.1_ASM5585063v1_genomicΩJBCUGQ010000001.1_1015	UniRef100_Q01ZU6~K02500	78.6	252	53	1	1	252	1	251	1.61e-127	367
GCA_055850635.1_ASM5585063v1_genomicΩJBCUGQ010000001.1_828	UniRef100_Q027T2~K01482	53.0	251	114	3	1	250	11	258	1.38e-75	236
GCA_055850635.1_ASM5585063v1_genomicΩJBCUGQ010000001.1_276	UniRef100_D8P8R7~K01591	50.0	240	109	5	6	245	7	235	2.88e-61	198
GCA_055850635.1_ASM5585063v1_genomicΩJBCUGQ010000016.1_16	UniRef100_A0A1B1ZL66~K01995	49.4	247	117	3	5	251	12	250	3.98e-69	219
GCA_055850635.1_ASM5585063v1_genomicΩJBCUGQ010000010.1_36	UniRef100_Q1IKW2~K02477	65.6	250	83	2	1	248	1	249	1.03e-106	314
GCA_055850635.1_ASM5585063v1_genomicΩJBCUGQ010000007.1_75	UniRef100_E8V7X6~K06137	68.4	244	77	0	9	252	3	246	3.77e-111	325
GCA_055850635.1_ASM5585063v1_genomicΩJBCUGQ010000003.1_315	UniRef100_A0A1L6L3W3~K22322	46.2	253	127	3	5	252	6	254	4.37e-69	219
GCA_055850635.1_ASM5585063v1_genomicΩJBCUGQ010000002.1_331	UniRef100_Q01Z61~K06178	58.3	240	98	1	8	247	14	251	2.03e-87	266
GCA_055850635.1_ASM5585063v1_genomicΩJBCUGQ010000001.1_856	UniRef100_Q029Q6~K00941	57.4	256	103	3	1	251	1	255	1.66e-83	256
GCA_055850635.1_ASM5585063v1_genomicΩJBCUGQ010000001.1_853	UniRef100_Q025G1~K11070	62.4	250	94	0	1	250	1	250	2.02e-94	283
GCA_055850635.1_ASM5585063v1_genomicΩJBCUGQ010000001.1_821	UniRef100_Q01RQ6~K06861	77.5	240	54	0	1	240	1	240	7.16e-128	367
GCA_055850635.1_ASM5585063v1_genomicΩJBCUGQ010000001.1_37	UniRef100_Q029W6~K03521	69.3	257	74	2	1	252	1	257	8.95e-116	337
GCA_055850635.1_ASM5585063v1_genomicΩJBCUGQ010000011.1_76	UniRef100_Q01XR7~K02065	78.4	245	53	0	7	251	17	261	2.70e-134	384
GCA_055850635.1_ASM5585063v1_genomicΩJBCUGQ010000004.1_95	UniRef100_A0A1L6M2F4~K02050	55.5	254	108	1	2	250	13	266	8.40e-77	239
GCA_055850635.1_ASM5585063v1_genomicΩJBCUGQ010000001.1_1092	UniRef100_Q027H0~K01104	51.8	251	120	1	1	250	1	251	2.08e-86	263
GCA_055850635.1_ASM5585063v1_genomicΩJBCUGQ010000001.1_971	UniRef100_A0A1V0DBK9~K13766	43.5	248	138	2	2	247	5	252	2.80e-49	169
GCA_055850635.1_ASM5585063v1_genomicΩJBCUGQ010000001.1_457	UniRef100_A0A143PPI0~K06173	50.8	254	112	7	1	251	1	244	2.75e-71	224
GCA_055850635.1_ASM5585063v1_genomicΩJBCUGQ010000001.1_154	UniRef100_H1XR97~K02013	44.1	238	126	3	1	231	4	241	6.61e-55	183
GCA_055850635.1_ASM5585063v1_genomicΩJBCUGQ010000001.1_106	UniRef100_Q01NS0~K00208	68.1	251	79	1	1	250	5	255	1.51e-111	327
GCA_055850635.1_ASM5585063v1_genomicΩJBCUGQ010000014.1_35	UniRef100_Q01SE4~K01803	63.7	248	90	0	3	250	2	249	3.93e-105	310
GCA_055850635.1_ASM5585063v1_genomicΩJBCUGQ010000004.1_94	UniRef100_Q1D8H9~K02049	59.4	251	94	2	7	249	18	268	6.90e-92	277
GCA_055850635.1_ASM5585063v1_genomicΩJBCUGQ010000001.1_1149	UniRef100_Q029K2~K03832	53.9	254	111	4	1	250	1	252	2.48e-62	201
GCA_055850635.1_ASM5585063v1_genomicΩJBCUGQ010000001.1_727	UniRef100_L0DJX4~K01990	65.7	233	80	0	8	240	6	238	1.88e-106	313
GCA_055850635.1_ASM5585063v1_genomicΩJBCUGQ010000001.1_249	UniRef100_A0A0A8C332~K02049	61.1	234	91	0	15	248	32	265	1.20e-94	284
GCA_055850635.1_ASM5585063v1_genomicΩJBCUGQ010000009.1_39	UniRef100_I3ZIF9~K00406	32.8	247	152	7	12	249	43	284	1.76e-35	133
GCA_055850635.1_ASM5585063v1_genomicΩJBCUGQ010000006.1_118	UniRef100_Q023P5~K03218	66.2	234	78	1	1	234	1	233	3.37e-103	305
GCA_055850635.1_ASM5585063v1_genomicΩJBCUGQ010000005.1_232	UniRef100_Q01VX9~K03783	61.8	249	92	1	4	249	19	267	3.39e-108	318
GCA_055850635.1_ASM5585063v1_genomicΩJBCUGQ010000005.1_219	UniRef100_A0A143PPG3~K00573	62.9	210	76	2	40	249	23	230	3.78e-84	256
GCA_055850635.1_ASM5585063v1_genomicΩJBCUGQ010000001.1_1319	UniRef100_A0A0G3X5I5~K02030	32.2	236	156	2	13	247	5	237	8.84e-28	112
GCA_055850635.1_ASM5585063v1_genomicΩJBCUGQ010000001.1_590	UniRef100_Q02BH8~K02066	68.3	249	79	0	1	249	12	260	1.64e-112	329
GCA_055850635.1_ASM5585063v1_genomicΩJBCUGQ010000010.1_83	UniRef100_Q01QN2~K06898	75.0	248	62	0	1	248	1	248	1.77e-126	364
GCA_055850635.1_ASM5585063v1_genomicΩJBCUGQ010000010.1_77	UniRef100_E4T5U2~K12984	43.3	245	135	3	1	242	1	244	4.22e-62	201
GCA_055850635.1_ASM5585063v1_genomicΩJBCUGQ010000005.1_201	UniRef100_A2C730~K00975	45.0	249	123	7	1	237	1	247	2.19e-53	178
GCA_055850635.1_ASM5585063v1_genomicΩJBCUGQ010000005.1_144	UniRef100_Q01VH2~K03437	54.2	262	98	7	2	245	17	274	3.12e-73	230
GCA_055850635.1_ASM5585063v1_genomicΩJBCUGQ010000003.1_268	UniRef100_Q02BF7~K01992	58.7	247	102	0	1	247	1	247	1.56e-101	301
GCA_055850635.1_ASM5585063v1_genomicΩJBCUGQ010000001.1_705	UniRef100_E8T3J6~K02315	31.3	240	145	6	6	244	3	223	8.11e-28	112
GCA_055850635.1_ASM5585063v1_genomicΩJBCUGQ010000003.1_229	UniRef100_Q1IVM1~K01783	58.9	224	92	0	24	247	1	224	2.78e-84	256
GCA_055850635.1_ASM5585063v1_genomicΩJBCUGQ010000001.1_1283	UniRef100_Q01VA8~K02863	75.7	235	57	0	13	247	1	235	3.47e-128	368
GCA_055850635.1_ASM5585063v1_genomicΩJBCUGQ010000001.1_264	UniRef100_Q01ND9~K02003	78.9	247	51	1	1	246	1	247	2.96e-136	389
GCA_055850635.1_ASM5585063v1_genomicΩJBCUGQ010000010.1_42	UniRef100_Q01T68~K00973	81.5	238	44	0	1	238	1	238	8.99e-140	398
GCA_055850635.1_ASM5585063v1_genomicΩJBCUGQ010000009.1_106	UniRef100_A0A248JZG0~K03606	38.3	201	110	3	2	199	33	222	2.07e-26	108
GCA_055850635.1_ASM5585063v1_genomicΩJBCUGQ010000006.1_85	UniRef100_Q02A17~K06442	62.0	237	90	0	6	242	2	238	3.77e-95	284
GCA_055850635.1_ASM5585063v1_genomicΩJBCUGQ010000003.1_202	UniRef100_K9Y7Y3~K00059	37.7	204	118	4	1	198	6	206	4.12e-34	129
GCA_055850635.1_ASM5585063v1_genomicΩJBCUGQ010000001.1_742	UniRef100_D3P2K6~K11475	48.1	237	123	0	10	246	8	244	2.23e-63	204
GCA_055850635.1_ASM5585063v1_genomicΩJBCUGQ010000001.1_626	UniRef100_Q025I0~K21929	65.2	250	77	3	1	246	1	244	2.02e-112	328
GCA_055850635.1_ASM5585063v1_genomicΩJBCUGQ010000005.1_167	UniRef100_Q1IRW3~K00240	75.8	244	59	0	1	244	1	244	1.23e-144	410
GCA_055850635.1_ASM5585063v1_genomicΩJBCUGQ010000005.1_68	UniRef100_Q02AV0~K07164	59.6	240	97	0	1	240	1	240	4.40e-69	218
GCA_055850635.1_ASM5585063v1_genomicΩJBCUGQ010000001.1_1150	UniRef100_Q029K1~K03561	76.6	239	55	1	1	239	1	238	3.93e-119	345
GCA_055850635.1_ASM5585063v1_genomicΩJBCUGQ010000001.1_782	UniRef100_K7QWT5~K07090	52.7	245	110	4	1	241	1	243	6.62e-59	192
GCA_055850635.1_ASM5585063v1_genomicΩJBCUGQ010000001.1_668	UniRef100_Q01VV9~K01091	52.3	216	102	1	6	220	3	218	9.67e-66	209
GCA_055850635.1_ASM5585063v1_genomicΩJBCUGQ010000009.1_4	UniRef100_A0A142YMH5~K09137	30.4	224	146	1	12	225	11	234	5.39e-28	112
GCA_055850635.1_ASM5585063v1_genomicΩJBCUGQ010000001.1_67	UniRef100_Q01U18~K21142	58.4	226	93	1	14	239	1	225	7.52e-92	275
GCA_055850635.1_ASM5585063v1_genomicΩJBCUGQ010000016.1_17	UniRef100_D1C6F4~K01996	52.3	241	113	2	1	240	3	242	3.43e-71	223
GCA_055850635.1_ASM5585063v1_genomicΩJBCUGQ010000005.1_163	UniRef100_Q01ZK4~K00059	63.1	241	88	1	4	243	4	244	3.73e-100	297
GCA_055850635.1_ASM5585063v1_genomicΩJBCUGQ010000002.1_103	UniRef100_Q01PQ1~K02419	66.8	238	78	1	6	242	7	244	5.48e-100	296
GCA_055850635.1_ASM5585063v1_genomicΩJBCUGQ010000001.1_884	UniRef100_Q47HU1~K07684	44.4	214	115	1	19	232	5	214	5.32e-52	174
GCA_055850635.1_ASM5585063v1_genomicΩJBCUGQ010000001.1_534	UniRef100_Q01Q14~K03183	66.0	241	81	1	1	241	1	240	7.92e-111	324
GCA_055850635.1_ASM5585063v1_genomicΩJBCUGQ010000009.1_49	UniRef100_A0A1P8F4J1~K07090	49.3	225	114	0	8	232	12	236	6.23e-55	182
GCA_055850635.1_ASM5585063v1_genomicΩJBCUGQ010000002.1_264	UniRef100_A0A1Y0YFZ9~K00059	39.2	240	144	1	1	240	1	238	6.92e-48	164
GCA_055850635.1_ASM5585063v1_genomicΩJBCUGQ010000002.1_87	UniRef100_Q02B01~K02108	59.4	234	93	2	10	242	1	233	2.15e-89	269
GCA_055850635.1_ASM5585063v1_genomicΩJBCUGQ010000001.1_959	UniRef100_Q72HH7~K01090	39.9	253	126	7	1	241	1	239	4.06e-41	146
GCA_055850635.1_ASM5585063v1_genomicΩJBCUGQ010000001.1_157	UniRef100_A0A1B4NTW9~K02233	43.3	215	115	3	25	234	41	253	2.12e-35	132
GCA_055850635.1_ASM5585063v1_genomicΩJBCUGQ010000010.1_17	UniRef100_A0A0G3EBY8~K07090	39.2	245	133	6	4	239	5	242	1.26e-43	153
GCA_055850635.1_ASM5585063v1_genomicΩJBCUGQ010000004.1_254	UniRef100_Q01SF5~K06178	62.0	242	91	1	1	241	1	242	1.43e-100	298
GCA_055850635.1_ASM5585063v1_genomicΩJBCUGQ010000001.1_336	UniRef100_Q01V14~K02440	59.1	235	89	2	10	238	1	234	9.80e-91	273
GCA_055850635.1_ASM5585063v1_genomicΩJBCUGQ010000001.1_1214	UniRef100_Q01V29~K03088	58.5	193	79	1	35	226	20	212	4.61e-65	207
GCA_055850635.1_ASM5585063v1_genomicΩJBCUGQ010000001.1_1070	UniRef100_W0RB68~K00507	41.5	217	119	5	22	231	30	245	8.40e-40	144
GCA_055850635.1_ASM5585063v1_genomicΩJBCUGQ010000001.1_1036	UniRef100_A0A0N0AZE1~K02049	69.7	241	67	1	3	237	6	246	2.59e-116	338
GCA_055850635.1_ASM5585063v1_genomicΩJBCUGQ010000001.1_177	UniRef100_Q01UR4~K00655	50.4	230	112	2	6	234	6	234	2.38e-68	216
GCA_055850635.1_ASM5585063v1_genomicΩJBCUGQ010000008.1_84	UniRef100_Q01QV1~K12410	62.3	228	86	0	11	238	1	228	9.73e-98	290
GCA_055850635.1_ASM5585063v1_genomicΩJBCUGQ010000006.1_108	UniRef100_Q01NZ9~K00989	68.1	235	75	0	1	235	1	235	2.55e-114	332
GCA_055850635.1_ASM5585063v1_genomicΩJBCUGQ010000005.1_212	UniRef100_Q01WC6~K03814	58.9	209	86	0	30	238	3	211	6.18e-78	239
GCA_055850635.1_ASM5585063v1_genomicΩJBCUGQ010000004.1_89	UniRef100_A0A0K2GJB0~K00943	62.9	210	77	1	5	213	12	221	9.27e-89	268
GCA_055850635.1_ASM5585063v1_genomicΩJBCUGQ010000001.1_930	UniRef100_Q01PF3~K03524	46.2	238	117	5	3	235	1	232	8.21e-56	184
GCA_055850635.1_ASM5585063v1_genomicΩJBCUGQ010000001.1_122	UniRef100_Q027G1~K00991	63.8	243	80	3	1	236	1	242	5.34e-96	286
GCA_055850635.1_ASM5585063v1_genomicΩJBCUGQ010000006.1_96	UniRef100_I3ZLK2~K22278	42.7	234	119	7	6	227	9	239	7.10e-40	143
GCA_055850635.1_ASM5585063v1_genomicΩJBCUGQ010000005.1_221	UniRef100_Q01NA1~K02003	71.0	221	63	1	3	223	1	220	8.76e-106	310
GCA_055850635.1_ASM5585063v1_genomicΩJBCUGQ010000004.1_23	UniRef100_A0A1D9HBU9~K00449	51.6	225	105	4	10	233	10	231	8.86e-65	206
GCA_055850635.1_ASM5585063v1_genomicΩJBCUGQ010000003.1_276	UniRef100_Q02AK8~K02533	69.1	233	72	0	2	234	18	250	7.54e-100	296
GCA_055850635.1_ASM5585063v1_genomicΩJBCUGQ010000003.1_147	UniRef100_Q027L3~K03685	55.2	239	99	2	1	231	1	239	4.02e-77	239
GCA_055850635.1_ASM5585063v1_genomicΩJBCUGQ010000002.1_363	UniRef100_Q02AG8~K09761	59.1	232	92	2	2	233	3	231	3.84e-77	238
GCA_055850635.1_ASM5585063v1_genomicΩJBCUGQ010000001.1_1229	UniRef100_Q01SZ0~K00995	64.8	193	67	1	1	193	1	192	1.57e-75	234
GCA_055850635.1_ASM5585063v1_genomicΩJBCUGQ010000001.1_756	UniRef100_I3YGE4~K07684	33.8	204	125	2	27	223	9	209	1.41e-20	92.4
GCA_055850635.1_ASM5585063v1_genomicΩJBCUGQ010000001.1_446	UniRef100_A0A143PUE7~K22278	48.2	224	115	1	14	236	14	237	1.41e-74	232
GCA_055850635.1_ASM5585063v1_genomicΩJBCUGQ010000001.1_421	UniRef100_Q01YR7~K02193	62.9	229	85	0	7	235	3	231	9.93e-103	303
GCA_055850635.1_ASM5585063v1_genomicΩJBCUGQ010000001.1_283	UniRef100_Q01SG5~K02003	81.8	225	41	0	2	226	5	229	1.14e-132	379
GCA_055850635.1_ASM5585063v1_genomicΩJBCUGQ010000001.1_25	UniRef100_Q01VT6~K01057	52.6	232	102	1	8	231	9	240	6.14e-82	250
GCA_055850635.1_ASM5585063v1_genomicΩJBCUGQ010000005.1_220	UniRef100_A4CMT0~K10804	41.4	232	123	5	7	235	8	229	5.80e-45	156
GCA_055850635.1_ASM5585063v1_genomicΩJBCUGQ010000004.1_232	UniRef100_Q02AL3~K09903	68.9	235	73	0	1	235	1	235	3.54e-108	317
GCA_055850635.1_ASM5585063v1_genomicΩJBCUGQ010000004.1_41	UniRef100_A0A0G2ZTX4~K03772	57.4	197	75	3	40	234	23	212	5.58e-72	224
GCA_055850635.1_ASM5585063v1_genomicΩJBCUGQ010000002.1_97	UniRef100_Q01PQ8~K02392	50.2	245	108	4	1	235	1	241	1.29e-73	229
GCA_055850635.1_ASM5585063v1_genomicΩJBCUGQ010000005.1_109	UniRef100_Q027H4~K00059	65.7	236	76	1	4	234	10	245	1.93e-100	297
GCA_055850635.1_ASM5585063v1_genomicΩJBCUGQ010000001.1_1263	UniRef100_I0AP57~K00059	51.9	233	111	1	1	232	1	233	8.05e-73	227
GCA_055850635.1_ASM5585063v1_genomicΩJBCUGQ010000008.1_70	UniRef100_Q01Q98~K07052	35.3	224	144	1	8	231	15	237	6.73e-34	127
GCA_055850635.1_ASM5585063v1_genomicΩJBCUGQ010000007.1_28	UniRef100_Q02AK4~K03801	65.8	202	69	0	22	223	6	207	2.44e-90	271
GCA_055850635.1_ASM5585063v1_genomicΩJBCUGQ010000005.1_192	UniRef100_Q02A01~K02477	55.2	241	91	3	4	227	9	249	8.72e-77	238
GCA_055850635.1_ASM5585063v1_genomicΩJBCUGQ010000004.1_192	UniRef100_A0A191WE81~K07001	30.4	247	139	6	4	230	18	251	3.08e-13	73.6
GCA_055850635.1_ASM5585063v1_genomicΩJBCUGQ010000001.1_976	UniRef100_V9WDD0~K07696	41.5	212	119	2	20	226	3	214	2.03e-48	164
GCA_055850635.1_ASM5585063v1_genomicΩJBCUGQ010000001.1_800	UniRef100_E8WYR8~K07657	49.1	228	111	3	4	227	10	236	4.23e-71	223
GCA_055850635.1_ASM5585063v1_genomicΩJBCUGQ010000001.1_18	UniRef100_L0DCM8~K06133	36.9	225	119	5	2	204	11	234	4.32e-33	125
GCA_055850635.1_ASM5585063v1_genomicΩJBCUGQ010000005.1_134	UniRef100_Q02CA1~K06920	69.8	222	67	0	5	226	1	222	2.41e-114	332
GCA_055850635.1_ASM5585063v1_genomicΩJBCUGQ010000003.1_159	UniRef100_Q025Q3~K09810	68.3	224	70	1	1	223	1	224	3.51e-99	294
GCA_055850635.1_ASM5585063v1_genomicΩJBCUGQ010000010.1_93	UniRef100_Q02BP7~K03562	56.8	222	94	1	8	229	17	236	1.59e-77	239
GCA_055850635.1_ASM5585063v1_genomicΩJBCUGQ010000004.1_211	UniRef100_Q02CZ9~K00945	56.7	224	90	1	13	229	7	230	2.54e-75	233
GCA_055850635.1_ASM5585063v1_genomicΩJBCUGQ010000003.1_295	UniRef100_Q01X21~K21929	63.1	222	82	0	4	225	2	223	1.37e-94	282
GCA_055850635.1_ASM5585063v1_genomicΩJBCUGQ010000001.1_1258	UniRef100_Q01RT3~K02006	60.1	228	91	0	1	228	1	228	2.88e-87	263
GCA_055850635.1_ASM5585063v1_genomicΩJBCUGQ010000003.1_52	UniRef100_A0A172TSR5~K01463	35.1	245	132	6	1	225	3	240	5.14e-28	112
GCA_055850635.1_ASM5585063v1_genomicΩJBCUGQ010000002.1_213	UniRef100_Q024L8~K00554	68.5	232	66	2	1	228	1	229	1.18e-111	325
GCA_055850635.1_ASM5585063v1_genomicΩJBCUGQ010000002.1_172	UniRef100_Q01QR2~K02897	67.3	217	70	1	1	217	1	216	1.84e-88	266
GCA_055850635.1_ASM5585063v1_genomicΩJBCUGQ010000001.1_704	UniRef100_U3QUZ8~K07665	54.1	222	100	2	1	221	1	221	3.97e-82	250
GCA_055850635.1_ASM5585063v1_genomicΩJBCUGQ010000001.1_496	UniRef100_Q025X4~K01619	56.7	215	92	1	9	222	32	246	1.72e-71	224
GCA_055850635.1_ASM5585063v1_genomicΩJBCUGQ010000013.1_12	UniRef100_L0DFP5~K07100	55.7	219	97	0	7	225	5	223	2.31e-78	240
GCA_055850635.1_ASM5585063v1_genomicΩJBCUGQ010000005.1_56	UniRef100_Q026R8~K06997	64.8	216	76	0	11	226	4	219	1.94e-86	261
GCA_055850635.1_ASM5585063v1_genomicΩJBCUGQ010000001.1_1014	UniRef100_Q01ZU7~K01814	69.6	227	59	2	1	221	1	223	1.06e-108	317
GCA_055850635.1_ASM5585063v1_genomicΩJBCUGQ010000001.1_746	UniRef100_A7HI05~K00528	36.2	257	125	9	10	228	15	270	4.13e-30	118
GCA_055850635.1_ASM5585063v1_genomicΩJBCUGQ010000001.1_601	UniRef100_Q01S12~K10218	70.4	223	66	0	1	223	1	223	3.32e-102	301
GCA_055850635.1_ASM5585063v1_genomicΩJBCUGQ010000004.1_39	UniRef100_Q025G7~K09017	38.5	205	121	3	19	220	6	208	2.83e-39	140
GCA_055850635.1_ASM5585063v1_genomicΩJBCUGQ010000001.1_423	UniRef100_Q01YR5~K02195	50.9	226	107	2	3	227	1	223	2.68e-67	212
GCA_055850635.1_ASM5585063v1_genomicΩJBCUGQ010000014.1_41	UniRef100_Q1IHG9~K02601	62.0	184	69	1	45	227	14	197	1.19e-79	243
GCA_055850635.1_ASM5585063v1_genomicΩJBCUGQ010000001.1_639	UniRef100_Q02AZ4~K07025	56.7	224	96	1	4	227	6	228	6.28e-91	272
GCA_055850635.1_ASM5585063v1_genomicΩJBCUGQ010000003.1_222	UniRef100_C1AAH1~K07336	72.0	225	63	0	1	225	1	225	1.16e-118	342
GCA_055850635.1_ASM5585063v1_genomicΩJBCUGQ010000003.1_101	UniRef100_W0RD23~K06862	70.0	217	65	0	9	225	2	218	2.30e-95	283
GCA_055850635.1_ASM5585063v1_genomicΩJBCUGQ010000001.1_422	UniRef100_Q01YR6~K02194	61.6	224	86	0	2	225	3	226	9.78e-87	261
GCA_055850635.1_ASM5585063v1_genomicΩJBCUGQ010000001.1_412	UniRef100_Q251B3~K07696	44.2	217	117	2	5	217	18	234	9.26e-62	198
GCA_055850635.1_ASM5585063v1_genomicΩJBCUGQ010000005.1_135	UniRef100_Q02CA2~K10026	62.1	227	80	2	1	224	1	224	2.22e-94	281
GCA_055850635.1_ASM5585063v1_genomicΩJBCUGQ010000004.1_77	UniRef100_A0A0F7Y189~K01673	53.3	214	99	1	1	213	22	235	3.67e-82	250
GCA_055850635.1_ASM5585063v1_genomicΩJBCUGQ010000001.1_987	UniRef100_Q01VD3~K02018	69.6	224	68	0	1	224	1	224	3.34e-103	303
GCA_055850635.1_ASM5585063v1_genomicΩJBCUGQ010000001.1_918	UniRef100_Q39VH2~K02003	55.2	221	99	0	1	221	1	221	9.13e-78	239
GCA_055850635.1_ASM5585063v1_genomicΩJBCUGQ010000001.1_579	UniRef100_Q01TY6~K01952	70.3	222	66	0	1	222	11	232	8.43e-115	333
GCA_055850635.1_ASM5585063v1_genomicΩJBCUGQ010000001.1_380	UniRef100_U5QS13~K01807	57.8	223	90	1	4	222	11	233	7.25e-79	242
GCA_055850635.1_ASM5585063v1_genomicΩJBCUGQ010000001.1_345	UniRef100_A0A0X8D6P6~K01628	54.1	207	95	0	10	216	5	211	1.05e-72	226
GCA_055850635.1_ASM5585063v1_genomicΩJBCUGQ010000002.1_365	UniRef100_E8V2M1~K02003	71.2	219	62	1	4	222	7	224	7.05e-105	307
GCA_055850635.1_ASM5585063v1_genomicΩJBCUGQ010000002.1_340	UniRef100_Q02A60~K02687	47.2	212	101	4	12	212	9	220	1.50e-52	175
GCA_055850635.1_ASM5585063v1_genomicΩJBCUGQ010000001.1_1018	UniRef100_Q01ZU3~K11777	49.1	222	108	1	1	222	1	217	6.44e-71	221
GCA_055850635.1_ASM5585063v1_genomicΩJBCUGQ010000001.1_270	UniRef100_Q6KZC4~K00786	42.9	217	121	2	6	221	2	216	6.90e-55	180
GCA_055850635.1_ASM5585063v1_genomicΩJBCUGQ010000004.1_103	UniRef100_Q01T00~K00806	65.1	212	73	1	3	214	11	221	9.10e-89	267
GCA_055850635.1_ASM5585063v1_genomicΩJBCUGQ010000001.1_619	UniRef100_A1RTY2~K07059	37.3	233	120	7	2	217	3	226	5.90e-39	140
GCA_055850635.1_ASM5585063v1_genomicΩJBCUGQ010000001.1_374	UniRef100_K7W072~K05847	63.5	211	77	0	1	211	38	248	2.58e-90	271
GCA_055850635.1_ASM5585063v1_genomicΩJBCUGQ010000011.1_88	UniRef100_Q01R26~K00215	67.6	225	66	1	2	219	3	227	1.18e-108	317
GCA_055850635.1_ASM5585063v1_genomicΩJBCUGQ010000004.1_264	UniRef100_Q020B1~K10773	73.0	215	58	0	5	219	3	217	5.28e-112	325
GCA_055850635.1_ASM5585063v1_genomicΩJBCUGQ010000004.1_255	UniRef100_J7L8N1~K06024	43.8	178	98	2	7	184	3	178	1.91e-34	127
GCA_055850635.1_ASM5585063v1_genomicΩJBCUGQ010000001.1_730	UniRef100_A0A0U5BM92~K07696	44.4	214	118	1	3	215	2	215	3.54e-59	191
GCA_055850635.1_ASM5585063v1_genomicΩJBCUGQ010000014.1_23	UniRef100_Q01WB3~K00939	50.2	207	100	2	6	209	4	210	2.44e-64	204
GCA_055850635.1_ASM5585063v1_genomicΩJBCUGQ010000009.1_12	UniRef100_Q01YV2~K03088	64.5	214	76	0	1	214	1	214	5.69e-93	277
GCA_055850635.1_ASM5585063v1_genomicΩJBCUGQ010000008.1_107	UniRef100_F8GCT3~K07689	32.9	210	141	0	8	217	3	212	5.97e-37	134
GCA_055850635.1_ASM5585063v1_genomicΩJBCUGQ010000001.1_1129	UniRef100_A0A1V0AA38~K07100	58.2	201	78	3	17	217	1	195	1.86e-65	206
GCA_055850635.1_ASM5585063v1_genomicΩJBCUGQ010000001.1_945	UniRef100_Q01RU6~K00616	77.0	213	49	0	1	213	26	238	1.00e-119	345
GCA_055850635.1_ASM5585063v1_genomicΩJBCUGQ010000001.1_625	UniRef100_Q01Q29~K00943	59.0	205	84	0	9	213	17	221	5.27e-75	231
GCA_055850635.1_ASM5585063v1_genomicΩJBCUGQ010000001.1_165	UniRef100_Q5KV51~K02479	38.1	215	127	1	5	213	5	219	6.26e-48	162
GCA_055850635.1_ASM5585063v1_genomicΩJBCUGQ010000009.1_124	UniRef100_Q024M2~K03470	60.5	210	75	3	7	215	17	219	1.01e-75	233
GCA_055850635.1_ASM5585063v1_genomicΩJBCUGQ010000004.1_28	UniRef100_A1U0H8~K03386	58.3	218	82	1	1	218	1	209	8.94e-90	268
GCA_055850635.1_ASM5585063v1_genomicΩJBCUGQ010000001.1_783	UniRef100_F2NR21~K00390	62.8	207	76	1	9	215	16	221	1.17e-93	279
GCA_055850635.1_ASM5585063v1_genomicΩJBCUGQ010000013.1_31	UniRef100_Q020B5~K05810	52.0	198	93	1	14	209	15	212	1.60e-58	189
GCA_055850635.1_ASM5585063v1_genomicΩJBCUGQ010000008.1_87	UniRef100_A0A290ZQE5~K10218	36.9	195	112	4	10	200	25	212	4.55e-27	108
GCA_055850635.1_ASM5585063v1_genomicΩJBCUGQ010000005.1_82	UniRef100_Q9Z7E5~K06137	43.9	212	115	3	1	209	1	211	1.60e-50	169
GCA_055850635.1_ASM5585063v1_genomicΩJBCUGQ010000001.1_1259	UniRef100_C7RUV3~K02008	31.0	216	132	2	8	206	28	243	3.13e-13	73.2
GCA_055850635.1_ASM5585063v1_genomicΩJBCUGQ010000001.1_1169	UniRef100_Q01T78~K00979	65.4	211	73	0	1	211	31	241	3.48e-91	273
GCA_055850635.1_ASM5585063v1_genomicΩJBCUGQ010000001.1_127	UniRef100_Q026A1~K03709	67.0	215	69	1	2	216	4	216	1.83e-90	270
GCA_055850635.1_ASM5585063v1_genomicΩJBCUGQ010000008.1_90	UniRef100_A0A0P0EXB6~K01061	46.5	217	111	3	2	213	15	231	1.46e-55	182
GCA_055850635.1_ASM5585063v1_genomicΩJBCUGQ010000006.1_78	UniRef100_W0RF77~K07052	52.1	215	102	1	3	217	23	236	7.19e-75	231
GCA_055850635.1_ASM5585063v1_genomicΩJBCUGQ010000009.1_51	UniRef100_Q47LZ8~K02479	33.0	227	137	3	5	216	13	239	7.70e-26	106
GCA_055850635.1_ASM5585063v1_genomicΩJBCUGQ010000008.1_86	UniRef100_A0A223GVW4~K10218	34.3	210	120	6	3	207	9	205	9.74e-24	100
GCA_055850635.1_ASM5585063v1_genomicΩJBCUGQ010000007.1_91	UniRef100_Q02DC6~K20074	54.1	218	94	3	1	214	23	238	2.88e-67	212
GCA_055850635.1_ASM5585063v1_genomicΩJBCUGQ010000004.1_128	UniRef100_Q01ZR9~K00640	70.3	212	60	1	1	212	1	209	2.56e-99	293
GCA_055850635.1_ASM5585063v1_genomicΩJBCUGQ010000001.1_443	UniRef100_A0A126ZET2~K02018	53.1	209	98	0	5	213	4	212	2.78e-62	199
GCA_055850635.1_ASM5585063v1_genomicΩJBCUGQ010000001.1_143	UniRef100_A0A024HHM5~K07100	42.9	212	111	4	4	214	3	205	2.66e-38	138
GCA_055850635.1_ASM5585063v1_genomicΩJBCUGQ010000011.1_40	UniRef100_A0A1B1YV88~K03975	53.5	185	86	0	28	212	26	210	5.27e-64	203
GCA_055850635.1_ASM5585063v1_genomicΩJBCUGQ010000005.1_103	UniRef100_A0A0Q5G521~K07684	54.1	207	93	1	7	213	8	212	1.60e-60	194
GCA_055850635.1_ASM5585063v1_genomicΩJBCUGQ010000001.1_933	UniRef100_A0A1V9IMF3~K02242	30.3	208	131	5	4	206	26	224	2.25e-15	78.2
GCA_055850635.1_ASM5585063v1_genomicΩJBCUGQ010000008.1_13	UniRef100_A0A1W6MY67~K20997	35.3	201	103	5	1	190	19	203	1.37e-26	107
GCA_055850635.1_ASM5585063v1_genomicΩJBCUGQ010000003.1_34	UniRef100_L7UNP3~K01673	61.2	209	81	0	3	211	21	229	7.15e-95	282
GCA_055850635.1_ASM5585063v1_genomicΩJBCUGQ010000001.1_528	UniRef100_Q01RT8~K00995	68.2	217	62	1	1	210	1	217	8.33e-91	271
GCA_055850635.1_ASM5585063v1_genomicΩJBCUGQ010000012.1_3	UniRef100_V9WDD0~K07696	45.8	212	110	2	6	212	3	214	6.81e-60	192
GCA_055850635.1_ASM5585063v1_genomicΩJBCUGQ010000009.1_36	UniRef100_A0A143PNB1~K01991	41.0	217	111	4	9	211	7	220	4.72e-42	147
GCA_055850635.1_ASM5585063v1_genomicΩJBCUGQ010000004.1_62	UniRef100_I9NJY8~K01625	54.8	210	95	0	4	213	4	213	7.28e-81	246
GCA_055850635.1_ASM5585063v1_genomicΩJBCUGQ010000004.1_19	UniRef100_Q9AEP5~K07684	37.4	214	128	3	1	211	1	211	3.58e-45	155
GCA_055850635.1_ASM5585063v1_genomicΩJBCUGQ010000003.1_249	UniRef100_Q020M1~K03767	50.6	178	87	1	36	213	20	196	3.44e-53	175
GCA_055850635.1_ASM5585063v1_genomicΩJBCUGQ010000001.1_1099	UniRef100_M4ZWR8~K01607	44.5	182	100	1	30	211	2	182	2.94e-45	154
GCA_055850635.1_ASM5585063v1_genomicΩJBCUGQ010000003.1_148	UniRef100_Q025Z7~K01497	69.4	196	59	1	10	205	9	203	2.97e-94	279
GCA_055850635.1_ASM5585063v1_genomicΩJBCUGQ010000014.1_2	UniRef100_Q01W92~K02906	74.9	211	52	1	1	211	1	210	1.21e-117	338
GCA_055850635.1_ASM5585063v1_genomicΩJBCUGQ010000008.1_88	UniRef100_Q01PH5~K17247	57.7	196	82	1	5	200	2	196	6.56e-82	248
GCA_055850635.1_ASM5585063v1_genomicΩJBCUGQ010000005.1_22	UniRef100_A0A0P0N3G6~K07566	42.2	206	117	2	5	209	6	210	9.61e-43	149
GCA_055850635.1_ASM5585063v1_genomicΩJBCUGQ010000001.1_456	UniRef100_A1T897~K01069	36.4	225	126	5	1	210	1	223	1.97e-38	138
GCA_055850635.1_ASM5585063v1_genomicΩJBCUGQ010000001.1_29	UniRef100_G7DQC0~K22278	48.6	214	105	4	1	209	1	214	1.75e-62	199
GCA_055850635.1_ASM5585063v1_genomicΩJBCUGQ010000005.1_190	UniRef100_Q02D07~K03634	40.7	189	112	0	22	210	14	202	2.74e-44	152
GCA_055850635.1_ASM5585063v1_genomicΩJBCUGQ010000005.1_57	UniRef100_E4WAI1~K07020	50.7	205	99	2	7	210	10	213	5.36e-53	175
GCA_055850635.1_ASM5585063v1_genomicΩJBCUGQ010000002.1_144	UniRef100_A0A0H2X6S7~K02479	50.2	203	100	1	8	209	10	212	9.83e-63	199
GCA_055850635.1_ASM5585063v1_genomicΩJBCUGQ010000009.1_116	UniRef100_Q02AB9~K07000	54.4	206	94	0	1	206	1	206	1.64e-72	224
GCA_055850635.1_ASM5585063v1_genomicΩJBCUGQ010000004.1_233	UniRef100_Q02AL2~K02357	70.7	208	61	0	2	209	3	210	9.13e-99	291
GCA_055850635.1_ASM5585063v1_genomicΩJBCUGQ010000003.1_225	UniRef100_Q022D1~K07018	60.2	206	82	0	1	206	1	206	4.32e-80	243
GCA_055850635.1_ASM5585063v1_genomicΩJBCUGQ010000001.1_1242	UniRef100_G8NZN9~K06346	35.1	202	113	5	8	207	5	190	1.41e-22	96.3
GCA_055850635.1_ASM5585063v1_genomicΩJBCUGQ010000001.1_375	UniRef100_Q02CS8~K00798	63.9	208	75	0	1	208	20	227	3.34e-96	285
GCA_055850635.1_ASM5585063v1_genomicΩJBCUGQ010000009.1_6	UniRef100_Q01Q68~K03088	65.2	204	71	0	5	208	9	212	2.76e-88	264
GCA_055850635.1_ASM5585063v1_genomicΩJBCUGQ010000004.1_253	UniRef100_Q01WR4~K00788	57.4	209	85	2	1	205	1	209	1.44e-66	209
GCA_055850635.1_ASM5585063v1_genomicΩJBCUGQ010000001.1_1008	UniRef100_Q02D02~K02664	41.7	187	109	0	10	196	11	197	2.20e-38	137
GCA_055850635.1_ASM5585063v1_genomicΩJBCUGQ010000014.1_3	UniRef100_Q01W93~K02926	66.0	206	70	0	1	206	1	206	1.41e-89	267
GCA_055850635.1_ASM5585063v1_genomicΩJBCUGQ010000002.1_46	UniRef100_Q028R4~K01356	65.2	207	71	1	1	207	1	206	1.17e-90	270
GCA_055850635.1_ASM5585063v1_genomicΩJBCUGQ010000007.1_121	UniRef100_Q027V0~K01613	60.2	201	75	2	1	201	3	198	2.17e-73	226
GCA_055850635.1_ASM5585063v1_genomicΩJBCUGQ010000003.1_184	UniRef100_T2GFX2~K13483	49.0	198	94	2	4	194	25	222	3.51e-55	181
GCA_055850635.1_ASM5585063v1_genomicΩJBCUGQ010000001.1_640	UniRef100_C1F7I4~K07157	44.6	177	93	4	6	180	3	176	7.51e-37	133
GCA_055850635.1_ASM5585063v1_genomicΩJBCUGQ010000003.1_200	UniRef100_Q029S8~K05846	62.7	204	76	0	1	204	26	229	3.16e-76	234
GCA_055850635.1_ASM5585063v1_genomicΩJBCUGQ010000001.1_902	UniRef100_G8NX91~K07025	36.8	201	124	1	2	199	8	208	3.38e-38	137
GCA_055850635.1_ASM5585063v1_genomicΩJBCUGQ010000001.1_629	UniRef100_Q025H7~K00942	63.5	200	73	0	2	201	4	203	1.95e-83	251
GCA_055850635.1_ASM5585063v1_genomicΩJBCUGQ010000004.1_277	UniRef100_A0A060NLK0~K03767	31.4	175	105	4	8	175	27	193	4.88e-12	68.6
GCA_055850635.1_ASM5585063v1_genomicΩJBCUGQ010000002.1_325	UniRef100_Q022D9~K07220	53.4	204	95	0	1	204	1	204	1.16e-72	224
GCA_055850635.1_ASM5585063v1_genomicΩJBCUGQ010000001.1_1187	UniRef100_Q01ZP8~K01358	80.2	202	40	0	1	202	1	202	4.91e-112	324
GCA_055850635.1_ASM5585063v1_genomicΩJBCUGQ010000002.1_344	UniRef100_Q01Q72~K00762	59.8	204	81	1	1	203	1	204	2.57e-83	251
GCA_055850635.1_ASM5585063v1_genomicΩJBCUGQ010000002.1_290	UniRef100_B9M2Z5~K01838	30.9	191	115	2	11	184	4	194	2.00e-26	107
GCA_055850635.1_ASM5585063v1_genomicΩJBCUGQ010000002.1_310	UniRef100_I4EUI1~K02199	32.4	170	112	3	31	198	27	195	1.64e-18	85.5
GCA_055850635.1_ASM5585063v1_genomicΩJBCUGQ010000001.1_1317	UniRef100_A9F517~K02276	52.5	200	91	1	2	201	15	210	8.22e-74	227
GCA_055850635.1_ASM5585063v1_genomicΩJBCUGQ010000001.1_517	UniRef100_A2BJX9~K07096	39.4	193	101	5	7	188	3	190	4.94e-29	113
GCA_055850635.1_ASM5585063v1_genomicΩJBCUGQ010000006.1_107	UniRef100_Q01NZ8~K02428	61.1	190	69	3	2	186	3	192	3.51e-69	215
GCA_055850635.1_ASM5585063v1_genomicΩJBCUGQ010000005.1_111	UniRef100_Q01SY7~K01247	65.2	201	69	1	1	201	1	200	1.26e-84	254
GCA_055850635.1_ASM5585063v1_genomicΩJBCUGQ010000004.1_180	UniRef100_Q02A56~K04564	79.5	200	41	0	1	200	1	200	3.05e-118	339
GCA_055850635.1_ASM5585063v1_genomicΩJBCUGQ010000004.1_50	UniRef100_Q01X75~K00859	55.3	199	89	0	1	199	1	199	2.52e-70	218
GCA_055850635.1_ASM5585063v1_genomicΩJBCUGQ010000001.1_353	UniRef100_Q5JGH2~K06910	34.7	167	97	6	36	198	21	179	8.38e-19	85.9
GCA_055850635.1_ASM5585063v1_genomicΩJBCUGQ010000001.1_339	UniRef100_B8J9S0~K08984	59.9	197	79	0	2	198	4	200	1.81e-73	226
GCA_055850635.1_ASM5585063v1_genomicΩJBCUGQ010000006.1_45	UniRef100_E8V4S9~K00876	45.9	196	103	2	1	195	10	203	8.86e-48	161
GCA_055850635.1_ASM5585063v1_genomicΩJBCUGQ010000005.1_217	UniRef100_Q01UU5~K14742	54.0	211	81	1	2	196	3	213	9.90e-61	194
GCA_055850635.1_ASM5585063v1_genomicΩJBCUGQ010000004.1_142	UniRef100_Q028J6~K01495	64.7	187	66	0	13	199	6	192	5.19e-87	260
GCA_055850635.1_ASM5585063v1_genomicΩJBCUGQ010000002.1_173	UniRef100_Q01QR3~K01056	55.7	194	85	1	7	199	2	195	3.10e-72	223
GCA_055850635.1_ASM5585063v1_genomicΩJBCUGQ010000001.1_191	UniRef100_Q02BU5~K02109	36.1	169	107	1	26	193	29	197	2.70e-14	74.3
GCA_055850635.1_ASM5585063v1_genomicΩJBCUGQ010000003.1_164	UniRef100_Q022F6~K06187	75.4	199	49	0	1	199	1	199	6.46e-105	305
GCA_055850635.1_ASM5585063v1_genomicΩJBCUGQ010000001.1_1016	UniRef100_Q01ZU5~K02501	59.7	196	68	2	1	196	1	185	1.33e-80	243
GCA_055850635.1_ASM5585063v1_genomicΩJBCUGQ010000001.1_952	UniRef100_Q02C90~K08591	64.1	195	70	0	1	195	1	195	2.03e-77	236
GCA_055850635.1_ASM5585063v1_genomicΩJBCUGQ010000001.1_70	UniRef100_Q02D92~K02520	74.2	178	46	0	4	181	2	179	1.91e-86	259
GCA_055850635.1_ASM5585063v1_genomicΩJBCUGQ010000004.1_231	UniRef100_Q02AL4~K02838	67.5	197	64	0	2	198	5	201	6.41e-89	265
GCA_055850635.1_ASM5585063v1_genomicΩJBCUGQ010000002.1_94	UniRef100_A0A0K2GCL2~K02393	37.6	173	99	3	34	198	37	208	4.36e-21	92.4
GCA_055850635.1_ASM5585063v1_genomicΩJBCUGQ010000001.1_117	UniRef100_Q3IXA1~K04719	32.2	205	105	8	12	188	23	221	7.25e-09	60.1
GCA_055850635.1_ASM5585063v1_genomicΩJBCUGQ010000001.1_74	UniRef100_C1DRV8~K08744	42.1	178	96	4	15	190	5	177	6.15e-22	94.0
GCA_055850635.1_ASM5585063v1_genomicΩJBCUGQ010000002.1_362	UniRef100_Q02AG7~K03550	58.4	197	82	0	1	197	1	197	1.34e-70	218
GCA_055850635.1_ASM5585063v1_genomicΩJBCUGQ010000002.1_54	UniRef100_B8G7X5~K01704	65.0	197	65	1	3	195	4	200	3.05e-85	256
GCA_055850635.1_ASM5585063v1_genomicΩJBCUGQ010000001.1_294	UniRef100_A0A0A8BU91~K02276	37.7	167	99	2	33	195	17	182	1.77e-29	114
GCA_055850635.1_ASM5585063v1_genomicΩJBCUGQ010000001.1_44	UniRef100_Q01UK3~K03088	77.8	189	40	1	8	196	16	202	6.92e-98	288
GCA_055850635.1_ASM5585063v1_genomicΩJBCUGQ010000001.1_491	UniRef100_Q01NL5~K03088	62.7	185	68	1	6	190	6	189	3.53e-77	235
GCA_055850635.1_ASM5585063v1_genomicΩJBCUGQ010000004.1_159	UniRef100_Q02DD1~K03088	75.0	188	47	0	1	188	1	188	2.19e-91	271
GCA_055850635.1_ASM5585063v1_genomicΩJBCUGQ010000001.1_1227	UniRef100_Q025I2~K09804	69.2	195	59	1	1	194	1	195	2.27e-87	261
GCA_055850635.1_ASM5585063v1_genomicΩJBCUGQ010000001.1_1017	UniRef100_Q01ZU4~K01693	85.1	195	29	0	1	195	1	195	2.18e-117	337
GCA_055850635.1_ASM5585063v1_genomicΩJBCUGQ010000001.1_615	UniRef100_Q01XY4~K08281	56.5	191	83	0	1	191	1	191	6.43e-72	221
GCA_055850635.1_ASM5585063v1_genomicΩJBCUGQ010000001.1_337	UniRef100_A8L0P3~K01515	41.2	182	107	0	6	187	3	184	2.44e-42	146
GCA_055850635.1_ASM5585063v1_genomicΩJBCUGQ010000014.1_28	UniRef100_Q01WB9~K02986	73.7	194	51	0	1	194	17	210	3.69e-96	283
GCA_055850635.1_ASM5585063v1_genomicΩJBCUGQ010000008.1_79	UniRef100_Q01U76~K07141	48.6	179	87	1	15	193	1	174	3.18e-46	155
GCA_055850635.1_ASM5585063v1_genomicΩJBCUGQ010000003.1_178	UniRef100_E8WVK3~K03088	32.6	187	120	3	3	186	14	197	7.07e-20	89.0
GCA_055850635.1_ASM5585063v1_genomicΩJBCUGQ010000001.1_654	UniRef100_Q02A46~K06287	60.6	175	69	0	5	179	2	176	2.38e-57	184
GCA_055850635.1_ASM5585063v1_genomicΩJBCUGQ010000001.1_277	UniRef100_A0A0E3V8C4~K06910	49.0	202	90	6	1	193	1	198	1.31e-50	167
GCA_055850635.1_ASM5585063v1_genomicΩJBCUGQ010000001.1_114	UniRef100_A0A0U5MN05~K01935&K02169	52.5	198	88	5	1	194	1	196	4.84e-52	171
GCA_055850635.1_ASM5585063v1_genomicΩJBCUGQ010000004.1_291	UniRef100_Q01QV4~K03186	72.7	183	50	0	6	188	8	190	3.12e-93	275
GCA_055850635.1_ASM5585063v1_genomicΩJBCUGQ010000001.1_1209	UniRef100_Q02C35~K03088	71.2	163	43	1	27	189	24	182	1.16e-69	215
GCA_055850635.1_ASM5585063v1_genomicΩJBCUGQ010000006.1_60	UniRef100_Q02C92~K03088	67.4	190	62	0	3	192	4	193	5.48e-82	247
GCA_055850635.1_ASM5585063v1_genomicΩJBCUGQ010000004.1_149	UniRef100_Q01YS9~K00793	62.8	196	68	1	1	191	1	196	1.96e-84	254
GCA_055850635.1_ASM5585063v1_genomicΩJBCUGQ010000020.1_6	UniRef100_A0A0D2KHJ9~K01687	69.0	171	51	1	24	192	1	171	3.53e-81	244
GCA_055850635.1_ASM5585063v1_genomicΩJBCUGQ010000006.1_1	UniRef100_Q01XR4~K06169	72.0	189	53	0	1	189	30	218	1.22e-84	254
GCA_055850635.1_ASM5585063v1_genomicΩJBCUGQ010000005.1_211	UniRef100_Q02AW8~K03100	65.9	182	59	1	9	190	22	200	1.87e-79	241
GCA_055850635.1_ASM5585063v1_genomicΩJBCUGQ010000001.1_414	UniRef100_Q01Z55~K03088	59.2	169	68	1	8	176	10	177	5.41e-66	206
GCA_055850635.1_ASM5585063v1_genomicΩJBCUGQ010000003.1_188	UniRef100_D5MJT7~K00762	49.2	183	83	5	12	187	21	200	3.28e-44	151
GCA_055850635.1_ASM5585063v1_genomicΩJBCUGQ010000001.1_510	UniRef100_Q01RS6~K11175	66.8	184	61	0	3	186	2	185	4.14e-80	242
GCA_055850635.1_ASM5585063v1_genomicΩJBCUGQ010000001.1_403	UniRef100_Q026Q1~K03978	55.9	188	80	2	3	189	6	191	7.08e-65	203
GCA_055850635.1_ASM5585063v1_genomicΩJBCUGQ010000001.1_296	UniRef100_D1C775~K01494	64.2	190	67	1	1	189	1	190	3.00e-77	235
GCA_055850635.1_ASM5585063v1_genomicΩJBCUGQ010000006.1_164	UniRef100_C5B0R7~K00558	48.6	185	86	4	9	188	5	185	1.10e-41	144
GCA_055850635.1_ASM5585063v1_genomicΩJBCUGQ010000001.1_1007	UniRef100_Q02D03~K02663	44.2	172	95	1	18	189	1	171	2.33e-38	135
GCA_055850635.1_ASM5585063v1_genomicΩJBCUGQ010000005.1_1	UniRef100_F2MZM9~K02358	75.4	187	45	1	1	187	1	186	3.34e-96	283
GCA_055850635.1_ASM5585063v1_genomicΩJBCUGQ010000004.1_273	UniRef100_Q02AF3~K03744	60.6	188	74	0	1	188	1	188	6.71e-69	213
GCA_055850635.1_ASM5585063v1_genomicΩJBCUGQ010000003.1_308	UniRef100_Q1ISX0~K03088	54.1	185	76	2	8	184	11	194	5.81e-63	199
GCA_055850635.1_ASM5585063v1_genomicΩJBCUGQ010000001.1_302	UniRef100_C9RAH8~K03501	33.2	193	99	4	23	185	28	220	2.43e-20	90.9
GCA_055850635.1_ASM5585063v1_genomicΩJBCUGQ010000014.1_17	UniRef100_Q01WA7~K02933	68.7	182	53	1	1	182	1	178	5.84e-79	238
GCA_055850635.1_ASM5585063v1_genomicΩJBCUGQ010000007.1_98	UniRef100_Q01YC5~K07152	50.8	177	85	2	11	186	8	183	1.30e-52	172
GCA_055850635.1_ASM5585063v1_genomicΩJBCUGQ010000004.1_24	UniRef100_A0A097IHR9~K00449	40.7	189	99	5	8	183	45	233	3.79e-33	124
GCA_055850635.1_ASM5585063v1_genomicΩJBCUGQ010000004.1_7	UniRef100_Q01NI7~K01817	49.5	198	85	5	1	185	1	196	6.06e-52	171
GCA_055850635.1_ASM5585063v1_genomicΩJBCUGQ010000001.1_1305	UniRef100_Q020K5~K02356	79.3	184	38	0	3	186	2	185	6.78e-105	304
GCA_055850635.1_ASM5585063v1_genomicΩJBCUGQ010000002.1_191	UniRef100_Q1IMT4~K03564	60.5	157	54	1	29	185	25	173	7.84e-59	187
GCA_055850635.1_ASM5585063v1_genomicΩJBCUGQ010000011.1_30	UniRef100_Q025U2~K03271	55.5	182	81	0	1	182	1	182	2.37e-69	214
GCA_055850635.1_ASM5585063v1_genomicΩJBCUGQ010000004.1_138	UniRef100_Q02CB5~K08681	57.7	189	72	1	2	182	1	189	2.51e-66	207
GCA_055850635.1_ASM5585063v1_genomicΩJBCUGQ010000001.1_1241	UniRef100_Q01VP7~K00331	71.9	185	49	2	1	183	1	184	8.87e-91	268
GCA_055850635.1_ASM5585063v1_genomicΩJBCUGQ010000001.1_1061	UniRef100_Q02B34~K03687	65.5	148	51	0	29	176	16	163	1.01e-61	194
GCA_055850635.1_ASM5585063v1_genomicΩJBCUGQ010000001.1_73	UniRef100_Q01T67~K01790	63.7	171	62	0	14	184	3	173	2.39e-81	244
GCA_055850635.1_ASM5585063v1_genomicΩJBCUGQ010000011.1_77	UniRef100_D3EML8~K03752	39.3	173	103	2	6	176	3	175	9.96e-31	116
GCA_055850635.1_ASM5585063v1_genomicΩJBCUGQ010000010.1_64	UniRef100_Q01V57~K02825	71.1	180	52	0	1	180	1	180	9.50e-84	251
GCA_055850635.1_ASM5585063v1_genomicΩJBCUGQ010000001.1_560	UniRef100_I3ZG27~K05873	42.2	173	94	4	15	183	15	185	1.50e-28	110
GCA_055850635.1_ASM5585063v1_genomicΩJBCUGQ010000014.1_14	UniRef100_Q01WA4~K02931	78.3	180	39	0	1	180	1	180	1.73e-98	288
GCA_055850635.1_ASM5585063v1_genomicΩJBCUGQ010000001.1_713	UniRef100_Q01YG8~K19302	64.1	170	61	0	13	182	3	172	2.74e-77	234
GCA_055850635.1_ASM5585063v1_genomicΩJBCUGQ010000001.1_192	UniRef100_Q02BU4~K02113	47.8	178	93	0	3	180	4	181	9.86e-44	149
GCA_055850635.1_ASM5585063v1_genomicΩJBCUGQ010000004.1_13	UniRef100_Q02CS3~K00760	67.2	177	56	1	1	177	4	178	6.95e-79	238
GCA_055850635.1_ASM5585063v1_genomicΩJBCUGQ010000001.1_761	UniRef100_Q01NU7~K03088	66.7	186	55	1	1	179	1	186	1.17e-79	240
GCA_055850635.1_ASM5585063v1_genomicΩJBCUGQ010000001.1_119	UniRef100_Q01PV4~K03642	49.5	184	79	5	2	178	37	213	1.90e-48	162
GCA_055850635.1_ASM5585063v1_genomicΩJBCUGQ010000004.1_148	UniRef100_V5TZE8~K16868	32.7	165	93	5	7	156	5	166	1.62e-14	74.3
GCA_055850635.1_ASM5585063v1_genomicΩJBCUGQ010000003.1_100	UniRef100_Q01QS4~K03270	65.9	179	61	0	1	179	1	179	2.85e-79	239
GCA_055850635.1_ASM5585063v1_genomicΩJBCUGQ010000014.1_32	UniRef100_Q01X27~K00969	59.0	183	70	2	1	178	5	187	3.17e-67	209
GCA_055850635.1_ASM5585063v1_genomicΩJBCUGQ010000002.1_189	UniRef100_E8V572~K03088	54.0	163	68	2	23	179	28	189	2.24e-45	153
GCA_055850635.1_ASM5585063v1_genomicΩJBCUGQ010000001.1_953	UniRef100_D1C514~K01975	34.7	190	107	6	2	176	6	193	6.45e-18	83.2
GCA_055850635.1_ASM5585063v1_genomicΩJBCUGQ010000001.1_809	UniRef100_W0RF62~K06999	43.8	178	97	2	1	178	43	217	9.99e-37	132
GCA_055850635.1_ASM5585063v1_genomicΩJBCUGQ010000001.1_692	UniRef100_Q01Q19~K01419	76.0	179	43	0	1	179	1	179	8.72e-91	268
GCA_055850635.1_ASM5585063v1_genomicΩJBCUGQ010000001.1_793	UniRef100_Q01ZY2~K03571	51.3	154	74	1	22	175	22	174	1.13e-42	146
GCA_055850635.1_ASM5585063v1_genomicΩJBCUGQ010000001.1_280	UniRef100_C1F9N8~K15012	61.7	180	64	3	1	176	1	179	2.57e-69	214
GCA_055850635.1_ASM5585063v1_genomicΩJBCUGQ010000001.1_261	UniRef100_Q01SR9~K00788	51.9	187	81	2	1	178	1	187	6.51e-47	157
GCA_055850635.1_ASM5585063v1_genomicΩJBCUGQ010000001.1_217	UniRef100_Q02CM3~K01653	70.7	167	49	0	1	167	1	167	1.55e-73	224
GCA_055850635.1_ASM5585063v1_genomicΩJBCUGQ010000007.1_3	UniRef100_Q01PW5~K05808	49.7	181	87	3	1	177	1	181	1.24e-47	159
GCA_055850635.1_ASM5585063v1_genomicΩJBCUGQ010000011.1_34	UniRef100_A4J5S6~K02226	32.2	177	103	6	2	167	4	174	1.28e-14	74.7
GCA_055850635.1_ASM5585063v1_genomicΩJBCUGQ010000005.1_43	UniRef100_I3ZMA1~K04082	37.3	201	95	3	1	170	1	201	4.70e-33	122
GCA_055850635.1_ASM5585063v1_genomicΩJBCUGQ010000003.1_241	UniRef100_F0RMJ8~K02199	33.5	173	108	5	4	173	23	191	3.14e-18	84.0
GCA_055850635.1_ASM5585063v1_genomicΩJBCUGQ010000002.1_285	UniRef100_Q01X66~K06142	38.9	157	88	2	22	175	22	173	1.85e-27	107
GCA_055850635.1_ASM5585063v1_genomicΩJBCUGQ010000002.1_164	UniRef100_Q01RP0~K07040	52.3	174	82	1	1	173	1	174	1.26e-55	179
GCA_055850635.1_ASM5585063v1_genomicΩJBCUGQ010000002.1_334	UniRef100_Q01QI0~K11065	75.0	168	42	0	1	168	1	168	7.50e-85	253
GCA_055850635.1_ASM5585063v1_genomicΩJBCUGQ010000001.1_1284	UniRef100_Q01VA9~K02864	66.5	173	58	0	1	173	1	173	7.68e-76	230
GCA_055850635.1_ASM5585063v1_genomicΩJBCUGQ010000001.1_956	UniRef100_Q02C88~K03652	69.1	175	54	0	1	175	5	179	2.81e-84	251
GCA_055850635.1_ASM5585063v1_genomicΩJBCUGQ010000001.1_641	UniRef100_Q02AZ0~K00891	59.4	170	69	0	1	170	1	170	1.42e-64	201
GCA_055850635.1_ASM5585063v1_genomicΩJBCUGQ010000001.1_108	UniRef100_A0A0K1PAF8~K08316	45.4	183	85	3	1	172	1	179	2.22e-38	135
GCA_055850635.1_ASM5585063v1_genomicΩJBCUGQ010000009.1_118	UniRef100_B1J8Q3~K02617	35.9	167	107	0	5	171	6	172	6.78e-21	90.9
GCA_055850635.1_ASM5585063v1_genomicΩJBCUGQ010000003.1_219	UniRef100_F4CKH7~K03711	36.6	142	84	4	25	166	11	146	2.48e-18	83.2
GCA_055850635.1_ASM5585063v1_genomicΩJBCUGQ010000001.1_941	UniRef100_Q01QA9~K00432	61.6	177	63	1	1	172	2	178	1.38e-74	227
GCA_055850635.1_ASM5585063v1_genomicΩJBCUGQ010000004.1_145	UniRef100_D5WSN9~K03564	31.4	156	88	6	32	171	1	153	6.09e-14	71.6
GCA_055850635.1_ASM5585063v1_genomicΩJBCUGQ010000004.1_30	UniRef100_Q01UQ8~K00760	63.2	171	63	0	2	172	4	174	1.80e-76	231
GCA_055850635.1_ASM5585063v1_genomicΩJBCUGQ010000003.1_53	UniRef100_A7NPU7~K03768	69.0	158	47	1	14	169	3	160	3.40e-71	218
GCA_055850635.1_ASM5585063v1_genomicΩJBCUGQ010000014.1_19	UniRef100_Q01WA9~K02988	75.6	168	41	0	3	170	2	169	1.20e-79	239
GCA_055850635.1_ASM5585063v1_genomicΩJBCUGQ010000002.1_214	UniRef100_Q024L7~K02860	45.1	173	85	3	4	171	6	173	2.21e-32	119
GCA_055850635.1_ASM5585063v1_genomicΩJBCUGQ010000002.1_169	UniRef100_G2LK20~K00759	62.6	171	64	0	1	171	1	171	1.67e-73	224
GCA_055850635.1_ASM5585063v1_genomicΩJBCUGQ010000001.1_187	UniRef100_Q01Q84~K00954	64.7	170	60	0	1	170	1	170	1.46e-69	214
GCA_055850635.1_ASM5585063v1_genomicΩJBCUGQ010000010.1_7	UniRef100_V6F6J1~K03831	50.3	155	69	2	6	155	9	160	8.78e-35	125
GCA_055850635.1_ASM5585063v1_genomicΩJBCUGQ010000002.1_179	UniRef100_Q01P30~K03088	47.7	172	80	4	8	169	5	176	2.97e-36	129
GCA_055850635.1_ASM5585063v1_genomicΩJBCUGQ010000001.1_1135	UniRef100_Q1IIL3~K01462	72.4	170	46	1	1	170	1	169	4.56e-84	250
GCA_055850635.1_ASM5585063v1_genomicΩJBCUGQ010000004.1_70	UniRef100_Q01UY4~K07736	54.4	169	77	0	1	169	2	170	3.01e-56	180
GCA_055850635.1_ASM5585063v1_genomicΩJBCUGQ010000001.1_1125	UniRef100_A0A0K2GH14~K00860	54.7	161	72	1	1	160	17	177	9.22e-51	166
GCA_055850635.1_ASM5585063v1_genomicΩJBCUGQ010000005.1_188	UniRef100_A0A0K2G976~K03088	58.2	165	69	0	1	165	1	165	4.55e-59	187
GCA_055850635.1_ASM5585063v1_genomicΩJBCUGQ010000002.1_307	UniRef100_Q027G6~K03711	70.1	147	42	1	5	149	6	152	7.34e-74	224
GCA_055850635.1_ASM5585063v1_genomicΩJBCUGQ010000001.1_1131	UniRef100_Q01QQ8~K13993	50.7	142	67	3	28	167	12	152	7.41e-36	128
GCA_055850635.1_ASM5585063v1_genomicΩJBCUGQ010000001.1_914	UniRef100_Q01ZR8~K00338	77.2	162	37	0	4	165	5	166	1.29e-77	234
GCA_055850635.1_ASM5585063v1_genomicΩJBCUGQ010000001.1_156	UniRef100_A0A0K2GAN4~K02231	55.4	168	72	2	3	167	7	174	4.18e-47	157
GCA_055850635.1_ASM5585063v1_genomicΩJBCUGQ010000003.1_226	UniRef100_Q022D2~K09767	75.3	166	41	0	1	166	1	166	3.25e-82	245
GCA_055850635.1_ASM5585063v1_genomicΩJBCUGQ010000002.1_154	UniRef100_Q02CT5~K00339	67.7	167	50	2	1	166	1	164	3.21e-63	197
GCA_055850635.1_ASM5585063v1_genomicΩJBCUGQ010000007.1_94	UniRef100_Q01YK3~K19710	57.9	159	67	0	1	159	1	159	4.42e-67	207
GCA_055850635.1_ASM5585063v1_genomicΩJBCUGQ010000006.1_160	UniRef100_I4ACQ6~K03925	32.2	149	67	8	23	156	7	136	3.64e-08	55.8
GCA_055850635.1_ASM5585063v1_genomicΩJBCUGQ010000001.1_1130	UniRef100_A0A126T2R2~K04767	31.4	156	92	2	1	143	1	154	5.94e-11	63.5
GCA_055850635.1_ASM5585063v1_genomicΩJBCUGQ010000001.1_663	UniRef100_A0A127EQH4~K18029	64.0	161	58	0	1	161	1	161	2.91e-70	215
GCA_055850635.1_ASM5585063v1_genomicΩJBCUGQ010000001.1_637	UniRef100_Q01T85~K03886	50.3	149	74	0	10	158	15	163	2.72e-49	162
GCA_055850635.1_ASM5585063v1_genomicΩJBCUGQ010000005.1_202	UniRef100_Q01TY0~K01159	63.4	153	56	0	1	153	1	153	9.96e-60	188
GCA_055850635.1_ASM5585063v1_genomicΩJBCUGQ010000001.1_148	UniRef100_C1ABT3~K07302	70.3	148	44	0	1	148	1	148	1.67e-72	221
GCA_055850635.1_ASM5585063v1_genomicΩJBCUGQ010000010.1_72	UniRef100_Q01S40~K07302	77.0	152	35	0	1	152	1	152	4.65e-84	249
GCA_055850635.1_ASM5585063v1_genomicΩJBCUGQ010000005.1_263	UniRef100_A0A159Z3W6~K03088	30.7	176	94	3	10	157	10	185	1.13e-09	60.8
GCA_055850635.1_ASM5585063v1_genomicΩJBCUGQ010000003.1_62	UniRef100_Q028J2~K01095	52.0	148	70	1	3	150	6	152	1.88e-35	126
GCA_055850635.1_ASM5585063v1_genomicΩJBCUGQ010000002.1_84	UniRef100_C1ABT3~K07302	70.3	148	44	0	1	148	1	148	5.60e-73	222
GCA_055850635.1_ASM5585063v1_genomicΩJBCUGQ010000002.1_79	UniRef100_D0LZR1~K00567	59.7	154	61	1	1	154	1	153	1.29e-55	177
GCA_055850635.1_ASM5585063v1_genomicΩJBCUGQ010000004.1_68	UniRef100_Q1IQI9~K03101	48.6	148	74	1	8	155	13	158	2.28e-37	132
GCA_055850635.1_ASM5585063v1_genomicΩJBCUGQ010000003.1_65	UniRef100_I7L0Y1~K07304	70.3	155	44	1	10	162	4	158	4.48e-75	227
GCA_055850635.1_ASM5585063v1_genomicΩJBCUGQ010000001.1_121	UniRef100_Q027G2~K01770	65.0	157	55	0	1	157	1	157	2.12e-66	205
GCA_055850635.1_ASM5585063v1_genomicΩJBCUGQ010000002.1_360	UniRef100_Q02AG5~K00950	53.8	156	72	0	1	156	1	156	6.34e-49	160
GCA_055850635.1_ASM5585063v1_genomicΩJBCUGQ010000001.1_1189	UniRef100_A0A142XEF8~K03272	52.4	143	62	2	15	152	17	158	1.06e-40	140
GCA_055850635.1_ASM5585063v1_genomicΩJBCUGQ010000014.1_21	UniRef100_Q01WB1~K02876	57.2	145	62	0	1	145	1	145	2.41e-46	154
GCA_055850635.1_ASM5585063v1_genomicΩJBCUGQ010000009.1_64	UniRef100_Q01RU4~K08999	76.4	161	37	1	1	160	1	161	3.21e-84	250
GCA_055850635.1_ASM5585063v1_genomicΩJBCUGQ010000007.1_71	UniRef100_Q01VU8~K09129	73.1	160	43	0	1	160	1	160	1.82e-76	230
GCA_055850635.1_ASM5585063v1_genomicΩJBCUGQ010000006.1_71	UniRef100_A4YZC3~K00657	47.1	155	82	0	4	158	3	157	8.42e-42	142
GCA_055850635.1_ASM5585063v1_genomicΩJBCUGQ010000003.1_218	UniRef100_B2JS22~K00088	52.5	141	66	1	17	156	3	143	8.78e-43	144
GCA_055850635.1_ASM5585063v1_genomicΩJBCUGQ010000002.1_150	UniRef100_Q02CT9~K00334	74.4	160	41	0	1	160	1	160	7.98e-87	256
GCA_055850635.1_ASM5585063v1_genomicΩJBCUGQ010000001.1_501	UniRef100_Q025V4~K03518	71.2	156	45	0	5	160	11	166	7.33e-82	244
GCA_055850635.1_ASM5585063v1_genomicΩJBCUGQ010000001.1_344	UniRef100_Q1IK36~K03594	55.0	160	72	0	1	160	1	160	6.89e-58	183
GCA_055850635.1_ASM5585063v1_genomicΩJBCUGQ010000001.1_204	UniRef100_D2R3F0~K01588	62.4	157	59	0	4	160	7	163	5.96e-62	194
GCA_055850635.1_ASM5585063v1_genomicΩJBCUGQ010000001.1_1076	UniRef100_D3NYR7~K00127	57.9	159	67	0	1	159	1	159	2.43e-67	208
GCA_055850635.1_ASM5585063v1_genomicΩJBCUGQ010000004.1_92	UniRef100_Q01RW0~K08296	41.0	156	88	3	1	152	1	156	1.23e-27	106
GCA_055850635.1_ASM5585063v1_genomicΩJBCUGQ010000001.1_529	UniRef100_Q01RT9~K03624	69.3	153	47	0	1	153	1	153	4.54e-68	209
GCA_055850635.1_ASM5585063v1_genomicΩJBCUGQ010000009.1_48	UniRef100_A0A192INK7~K16048	39.9	158	92	2	2	156	3	160	8.54e-36	127
GCA_055850635.1_ASM5585063v1_genomicΩJBCUGQ010000008.1_43	UniRef100_Q02A69~K03664	65.8	146	50	0	11	156	10	155	3.89e-60	189
GCA_055850635.1_ASM5585063v1_genomicΩJBCUGQ010000010.1_63	UniRef100_Q01W33~K09748	57.6	151	63	1	6	156	4	153	7.94e-59	185
GCA_055850635.1_ASM5585063v1_genomicΩJBCUGQ010000005.1_104	UniRef100_Q01RW0~K08296	48.0	152	77	2	1	150	1	152	2.16e-33	121
GCA_055850635.1_ASM5585063v1_genomicΩJBCUGQ010000005.1_39	UniRef100_A0A2D2BTM8~K13772	31.6	133	88	2	2	133	1	131	1.88e-14	72.4
GCA_055850635.1_ASM5585063v1_genomicΩJBCUGQ010000005.1_3	UniRef100_Q01W88~K02992	79.5	156	32	0	1	156	1	156	3.58e-88	259
GCA_055850635.1_ASM5585063v1_genomicΩJBCUGQ010000001.1_1151	UniRef100_Q029K0~K03559	58.9	141	56	1	1	141	6	144	1.87e-46	154
GCA_055850635.1_ASM5585063v1_genomicΩJBCUGQ010000001.1_623	UniRef100_A0A1B3WIM6~K07240	30.7	150	99	2	1	148	28	174	1.91e-09	59.7
GCA_055850635.1_ASM5585063v1_genomicΩJBCUGQ010000001.1_434	UniRef100_A0A157W3B8~K18029	61.2	152	59	0	3	154	4	155	5.01e-64	199
GCA_055850635.1_ASM5585063v1_genomicΩJBCUGQ010000001.1_418	UniRef100_Q01YS0~K02200	38.3	162	86	4	1	155	1	155	4.32e-23	94.7
GCA_055850635.1_ASM5585063v1_genomicΩJBCUGQ010000010.1_8	UniRef100_Q028Z4~K03637	74.2	151	39	0	4	154	3	153	3.13e-70	214
GCA_055850635.1_ASM5585063v1_genomicΩJBCUGQ010000008.1_41	UniRef100_Q02A67~K02456	65.6	154	51	2	2	154	3	155	2.49e-62	194
GCA_055850635.1_ASM5585063v1_genomicΩJBCUGQ010000007.1_149	UniRef100_Q01YY9~K02278	49.0	147	58	2	7	153	6	135	1.77e-29	110
GCA_055850635.1_ASM5585063v1_genomicΩJBCUGQ010000001.1_485	UniRef100_Q4KEG0~K11477	46.9	130	69	0	22	151	4	133	2.85e-30	112
GCA_055850635.1_ASM5585063v1_genomicΩJBCUGQ010000004.1_116	UniRef100_A0A160DXP7~K07305	72.1	136	37	1	8	143	4	138	1.72e-75	227
GCA_055850635.1_ASM5585063v1_genomicΩJBCUGQ010000014.1_30	UniRef100_Q01WC1~K02879	74.8	147	37	0	1	147	1	147	3.56e-65	201
GCA_055850635.1_ASM5585063v1_genomicΩJBCUGQ010000009.1_32	UniRef100_Q1IQC7~K15977	52.5	141	67	0	4	144	2	142	1.25e-41	141
GCA_055850635.1_ASM5585063v1_genomicΩJBCUGQ010000003.1_311	UniRef100_Q02AX2~K07738	70.9	151	44	0	1	151	1	151	3.51e-75	226
GCA_055850635.1_ASM5585063v1_genomicΩJBCUGQ010000001.1_342	UniRef100_Q01NH0~K03111	55.6	162	62	3	1	152	1	162	1.41e-55	177
GCA_055850635.1_ASM5585063v1_genomicΩJBCUGQ010000007.1_32	UniRef100_Q01SL7~K11991	68.3	142	45	0	1	142	1	142	7.20e-63	195
GCA_055850635.1_ASM5585063v1_genomicΩJBCUGQ010000006.1_111	UniRef100_Q025F6~K02237	38.6	132	78	2	23	151	23	154	8.27e-22	91.3
GCA_055850635.1_ASM5585063v1_genomicΩJBCUGQ010000005.1_78	UniRef100_A0A1L6HSI4~K07117	45.0	140	65	2	19	146	5	144	3.00e-32	118
GCA_055850635.1_ASM5585063v1_genomicΩJBCUGQ010000004.1_269	UniRef100_Q01QZ5~K07447	61.1	131	51	0	13	143	7	137	6.30e-47	154
GCA_055850635.1_ASM5585063v1_genomicΩJBCUGQ010000003.1_274	UniRef100_Q01T71~K00794	58.2	146	57	1	8	149	5	150	3.33e-48	158
GCA_055850635.1_ASM5585063v1_genomicΩJBCUGQ010000002.1_176	UniRef100_Q01QR6~K02939	68.0	147	47	0	3	149	1	147	8.75e-63	195
GCA_055850635.1_ASM5585063v1_genomicΩJBCUGQ010000001.1_1257	UniRef100_Q1IHZ8~K07560	65.5	148	51	0	1	148	1	148	2.01e-59	186
GCA_055850635.1_ASM5585063v1_genomicΩJBCUGQ010000001.1_322	UniRef100_A0L7B6~K13993	47.9	144	68	2	11	150	6	146	1.68e-38	133
GCA_055850635.1_ASM5585063v1_genomicΩJBCUGQ010000009.1_59	UniRef100_Q01RW8~K03469	72.0	143	40	0	1	143	1	143	5.17e-75	226
GCA_055850635.1_ASM5585063v1_genomicΩJBCUGQ010000005.1_88	UniRef100_A0A1W6D1D0~K17865	31.9	138	86	5	5	140	12	143	2.62e-09	58.5
GCA_055850635.1_ASM5585063v1_genomicΩJBCUGQ010000004.1_11	UniRef100_Q028A8~K09117	63.5	137	50	0	11	147	1	137	1.75e-45	150
GCA_055850635.1_ASM5585063v1_genomicΩJBCUGQ010000001.1_981	UniRef100_Q01WR5~K03564	57.8	147	61	1	1	147	1	146	1.48e-56	179
GCA_055850635.1_ASM5585063v1_genomicΩJBCUGQ010000001.1_396	UniRef100_Q01P09~K07042	54.5	143	63	1	6	148	7	147	4.36e-43	145
GCA_055850635.1_ASM5585063v1_genomicΩJBCUGQ010000001.1_190	UniRef100_C1F406~K02109	36.8	144	91	0	1	144	1	144	1.55e-13	69.7
GCA_055850635.1_ASM5585063v1_genomicΩJBCUGQ010000010.1_94	UniRef100_Q02BP6~K03559	54.9	142	63	1	1	142	1	141	7.65e-39	134
GCA_055850635.1_ASM5585063v1_genomicΩJBCUGQ010000008.1_105	UniRef100_Q02CU5~K04757	54.5	143	65	0	1	143	1	143	2.34e-42	143
GCA_055850635.1_ASM5585063v1_genomicΩJBCUGQ010000004.1_40	UniRef100_I0HW13~K03772	66.7	129	41	1	17	145	18	144	2.70e-53	171
GCA_055850635.1_ASM5585063v1_genomicΩJBCUGQ010000002.1_261	UniRef100_Q01QY9~K01808	60.7	145	57	0	1	145	1	145	1.23e-51	166
GCA_055850635.1_ASM5585063v1_genomicΩJBCUGQ010000001.1_1096	UniRef100_S0EWX8~K03564	53.0	149	65	1	3	146	2	150	2.11e-51	166
GCA_055850635.1_ASM5585063v1_genomicΩJBCUGQ010000014.1_40	UniRef100_Q01SW8~K02867	85.1	141	21	0	1	141	1	141	1.47e-79	237
GCA_055850635.1_ASM5585063v1_genomicΩJBCUGQ010000001.1_936	UniRef100_Q02A21~K09825	76.8	138	32	0	3	140	2	139	1.45e-72	219
GCA_055850635.1_ASM5585063v1_genomicΩJBCUGQ010000001.1_824	UniRef100_Q01T92~K02372	72.2	144	40	0	1	144	1	144	1.53e-67	207
GCA_055850635.1_ASM5585063v1_genomicΩJBCUGQ010000011.1_60	UniRef100_H2FWQ0~K15977	50.4	133	58	2	1	132	1	126	3.89e-37	129
GCA_055850635.1_ASM5585063v1_genomicΩJBCUGQ010000007.1_50	UniRef100_Q01NR1~K02160	59.2	157	50	3	1	143	1	157	3.66e-46	153
GCA_055850635.1_ASM5585063v1_genomicΩJBCUGQ010000002.1_148	UniRef100_Q02CU1~K00332	60.2	133	53	0	5	137	22	154	1.07e-54	174
GCA_055850635.1_ASM5585063v1_genomicΩJBCUGQ010000001.1_766	UniRef100_Q01NU2~K02456	58.0	143	59	1	4	145	8	150	9.93e-54	172
GCA_055850635.1_ASM5585063v1_genomicΩJBCUGQ010000004.1_262	UniRef100_K0B2S1~K03282	59.4	143	58	0	1	143	1	143	8.05e-53	169
GCA_055850635.1_ASM5585063v1_genomicΩJBCUGQ010000001.1_888	UniRef100_Q024T4~K03402	58.7	143	58	1	1	143	1	142	2.49e-43	145
GCA_055850635.1_ASM5585063v1_genomicΩJBCUGQ010000004.1_236	UniRef100_Q02AK9~K02871	61.3	142	55	0	1	142	1	142	2.11e-60	188
GCA_055850635.1_ASM5585063v1_genomicΩJBCUGQ010000003.1_132	UniRef100_Q02C76~K13626	44.0	125	67	2	15	137	20	143	1.90e-23	95.1
GCA_055850635.1_ASM5585063v1_genomicΩJBCUGQ010000001.1_1152	UniRef100_E8V3R0~K03559	46.6	148	71	3	1	143	1	145	2.44e-33	120
GCA_055850635.1_ASM5585063v1_genomicΩJBCUGQ010000005.1_177	UniRef100_Q02C66~K02388	68.8	144	43	1	1	142	1	144	1.09e-62	194
GCA_055850635.1_ASM5585063v1_genomicΩJBCUGQ010000003.1_106	UniRef100_A0A0K2GHA3~K03741	61.7	133	51	0	5	137	2	134	1.44e-54	173
GCA_055850635.1_ASM5585063v1_genomicΩJBCUGQ010000001.1_1191	UniRef100_A0A160P2C4~K03574	44.4	142	68	2	2	135	4	142	2.41e-30	112
GCA_055850635.1_ASM5585063v1_genomicΩJBCUGQ010000001.1_1022	UniRef100_Q01ZT9~K01496	77.4	124	28	0	18	141	1	124	4.50e-67	204
GCA_055850635.1_ASM5585063v1_genomicΩJBCUGQ010000001.1_648	UniRef100_C7M111~K21140	31.9	119	72	4	1	117	1	112	4.67e-14	70.5
GCA_055850635.1_ASM5585063v1_genomicΩJBCUGQ010000001.1_498	UniRef100_Q025V1~K09386	59.7	139	56	0	1	139	1	139	3.51e-58	183
GCA_055850635.1_ASM5585063v1_genomicΩJBCUGQ010000004.1_155	UniRef100_A0A071M7B5~K02422	50.4	125	57	2	10	129	17	141	6.15e-25	98.6
GCA_055850635.1_ASM5585063v1_genomicΩJBCUGQ010000002.1_327	UniRef100_A0A1L6JCZ3~K11477	43.7	126	71	0	8	133	7	132	2.48e-22	91.7
GCA_055850635.1_ASM5585063v1_genomicΩJBCUGQ010000002.1_196	UniRef100_Q025A4~K07460	48.5	134	66	1	1	134	1	131	1.06e-33	120
GCA_055850635.1_ASM5585063v1_genomicΩJBCUGQ010000013.1_9	UniRef100_Q6LY55~K19824	32.1	134	78	3	2	135	14	134	2.77e-07	52.8
GCA_055850635.1_ASM5585063v1_genomicΩJBCUGQ010000006.1_35	UniRef100_Q01U17~K07107	61.4	132	49	1	2	133	30	159	2.83e-51	166
GCA_055850635.1_ASM5585063v1_genomicΩJBCUGQ010000004.1_144	UniRef100_Q028J8~K01737	62.2	135	51	0	1	135	1	135	9.74e-60	186
GCA_055850635.1_ASM5585063v1_genomicΩJBCUGQ010000004.1_143	UniRef100_Q028J7~K01737	50.0	140	64	3	3	136	1	140	4.33e-37	129
GCA_055850635.1_ASM5585063v1_genomicΩJBCUGQ010000003.1_275	UniRef100_Q01T72~K03625	59.7	139	52	2	1	139	1	135	1.78e-49	160
GCA_055850635.1_ASM5585063v1_genomicΩJBCUGQ010000002.1_192	UniRef100_B5YKT2~K07397	42.2	135	75	1	6	137	4	138	8.24e-27	103
GCA_055850635.1_ASM5585063v1_genomicΩJBCUGQ010000014.1_9	UniRef100_G8NQ74~K02878	81.0	137	26	0	1	137	1	137	1.27e-76	229
GCA_055850635.1_ASM5585063v1_genomicΩJBCUGQ010000007.1_97	UniRef100_Q01YC6~K08976	62.8	137	49	2	4	138	2	138	1.51e-49	160
GCA_055850635.1_ASM5585063v1_genomicΩJBCUGQ010000001.1_1272	UniRef100_Q01PM5~K06940	61.4	132	51	0	7	138	8	139	2.47e-57	180
GCA_055850635.1_ASM5585063v1_genomicΩJBCUGQ010000001.1_1261	UniRef100_Q01RT6~K07722	68.1	138	44	0	1	138	1	138	3.07e-60	187
GCA_055850635.1_ASM5585063v1_genomicΩJBCUGQ010000001.1_1060	UniRef100_Q8U308~K09022	45.5	123	67	0	4	126	3	125	4.09e-34	121
GCA_055850635.1_ASM5585063v1_genomicΩJBCUGQ010000001.1_949	UniRef100_Q9YA58~K01515	39.4	132	77	2	3	134	12	140	4.51e-21	89.0
GCA_055850635.1_ASM5585063v1_genomicΩJBCUGQ010000001.1_768	UniRef100_Q01NU0~K02458	56.0	125	55	0	7	131	10	134	3.57e-42	142
GCA_055850635.1_ASM5585063v1_genomicΩJBCUGQ010000001.1_416	UniRef100_Q01YS2~K02197	62.0	129	49	0	1	129	1	129	4.26e-48	157
GCA_055850635.1_ASM5585063v1_genomicΩJBCUGQ010000001.1_363	UniRef100_Q01RN5~K03075	54.3	151	43	4	3	138	3	142	4.30e-32	116
GCA_055850635.1_ASM5585063v1_genomicΩJBCUGQ010000011.1_29	UniRef100_A0A223D038~K17472	37.5	120	75	0	1	120	1	120	7.93e-23	92.8
GCA_055850635.1_ASM5585063v1_genomicΩJBCUGQ010000005.1_41	UniRef100_Q1IUG2~K04488	85.6	125	18	0	1	125	1	125	6.61e-73	219
GCA_055850635.1_ASM5585063v1_genomicΩJBCUGQ010000002.1_60	UniRef100_A0A1B1AKX6~K06893	58.3	120	50	0	5	124	3	122	9.79e-48	155
GCA_055850635.1_ASM5585063v1_genomicΩJBCUGQ010000001.1_1275	UniRef100_Q021N8~K00940	72.3	137	38	0	1	137	3	139	8.70e-69	209
GCA_055850635.1_ASM5585063v1_genomicΩJBCUGQ010000001.1_1073	UniRef100_Q026C2~K06925	59.1	137	54	2	1	136	1	136	8.58e-48	156
GCA_055850635.1_ASM5585063v1_genomicΩJBCUGQ010000001.1_1058	UniRef100_Q01SH5~K01849	86.0	129	18	0	1	129	6	134	3.76e-69	210
GCA_055850635.1_ASM5585063v1_genomicΩJBCUGQ010000001.1_912	UniRef100_Q01ZR3~K04749	51.9	133	63	1	3	134	1	133	4.10e-45	149
GCA_055850635.1_ASM5585063v1_genomicΩJBCUGQ010000014.1_27	UniRef100_Q01WB8~K02948	77.8	135	30	0	1	135	1	135	2.74e-66	202
GCA_055850635.1_ASM5585063v1_genomicΩJBCUGQ010000003.1_170	UniRef100_W0RCM4~K04750	60.6	137	51	2	1	135	1	136	8.54e-52	166
GCA_055850635.1_ASM5585063v1_genomicΩJBCUGQ010000001.1_926	UniRef100_Q02BT3~K03789	49.6	117	58	1	16	131	3	119	3.70e-26	100
GCA_055850635.1_ASM5585063v1_genomicΩJBCUGQ010000008.1_40	UniRef100_Q02A66~K02456	55.6	124	55	0	11	134	21	144	5.30e-47	154
GCA_055850635.1_ASM5585063v1_genomicΩJBCUGQ010000002.1_147	UniRef100_Q02CU2~K00330	64.2	134	44	1	1	130	1	134	2.00e-54	172
GCA_055850635.1_ASM5585063v1_genomicΩJBCUGQ010000001.1_231	UniRef100_Q01UV4~K09457	66.9	130	42	1	1	130	1	129	1.60e-58	183
GCA_055850635.1_ASM5585063v1_genomicΩJBCUGQ010000001.1_1206	UniRef100_Q01UR1~K00783	56.8	139	54	1	1	133	1	139	1.32e-48	158
GCA_055850635.1_ASM5585063v1_genomicΩJBCUGQ010000003.1_141	UniRef100_Q01NW5~K09005	56.6	113	49	0	16	128	2	114	2.83e-38	131
GCA_055850635.1_ASM5585063v1_genomicΩJBCUGQ010000014.1_16	UniRef100_Q01WA6~K02994	72.5	131	36	0	1	131	1	131	3.55e-67	204
GCA_055850635.1_ASM5585063v1_genomicΩJBCUGQ010000008.1_119	UniRef100_I4B675~K18828	47.1	121	64	0	1	121	1	121	5.29e-33	118
GCA_055850635.1_ASM5585063v1_genomicΩJBCUGQ010000006.1_132	UniRef100_I3UG27~K09022	42.4	125	70	2	4	127	1	124	2.03e-28	106
GCA_055850635.1_ASM5585063v1_genomicΩJBCUGQ010000005.1_160	UniRef100_B9M1Q7~K05606	55.4	130	57	1	1	129	2	131	4.92e-42	141
GCA_055850635.1_ASM5585063v1_genomicΩJBCUGQ010000005.1_141	UniRef100_D2QX74~K00363	33.3	117	57	1	13	129	6	101	3.69e-16	74.7
GCA_055850635.1_ASM5585063v1_genomicΩJBCUGQ010000004.1_235	UniRef100_Q02AL0~K02996	72.7	128	35	0	3	130	5	132	2.81e-57	179
GCA_055850635.1_ASM5585063v1_genomicΩJBCUGQ010000001.1_335	UniRef100_A0A1L7NE99~K11477	43.3	127	68	2	4	130	10	132	1.66e-13	68.6
GCA_055850635.1_ASM5585063v1_genomicΩJBCUGQ010000014.1_13	UniRef100_Q01WA3~K02895	54.1	122	48	2	10	126	5	123	1.78e-32	116
GCA_055850635.1_ASM5585063v1_genomicΩJBCUGQ010000005.1_243	UniRef100_C1F202~K04755	62.9	116	41	1	1	114	1	116	1.00e-48	157
GCA_055850635.1_ASM5585063v1_genomicΩJBCUGQ010000013.1_30	UniRef100_Q01U65~K06204	68.2	129	40	1	1	128	1	129	3.91e-56	176
GCA_055850635.1_ASM5585063v1_genomicΩJBCUGQ010000014.1_26	UniRef100_Q01WB7~K02952	82.4	125	22	0	1	125	1	125	1.58e-66	202
GCA_055850635.1_ASM5585063v1_genomicΩJBCUGQ010000007.1_61	UniRef100_A0A0K2DAS5~K01607	74.8	127	32	0	1	127	1	127	8.86e-66	201
GCA_055850635.1_ASM5585063v1_genomicΩJBCUGQ010000005.1_4	UniRef100_Q01W87~K02950	89.4	123	13	0	1	123	1	123	5.72e-75	224
GCA_055850635.1_ASM5585063v1_genomicΩJBCUGQ010000001.1_1285	UniRef100_Q01VB0~K02935	90.6	127	11	1	1	127	1	126	8.90e-52	165
GCA_055850635.1_ASM5585063v1_genomicΩJBCUGQ010000001.1_476	UniRef100_Q02BS3~K02437	72.8	125	34	0	3	127	2	126	4.03e-62	191
GCA_055850635.1_ASM5585063v1_genomicΩJBCUGQ010000007.1_14	UniRef100_Q01PN0~K13640	74.0	123	31	1	1	122	1	123	1.47e-55	175
GCA_055850635.1_ASM5585063v1_genomicΩJBCUGQ010000001.1_1262	UniRef100_Q01RT7~K00997	57.6	125	52	1	1	125	1	124	3.72e-41	138
GCA_055850635.1_ASM5585063v1_genomicΩJBCUGQ010000001.1_1047	UniRef100_C9LUS2~K09022	68.5	124	38	1	1	123	1	124	4.70e-50	161
GCA_055850635.1_ASM5585063v1_genomicΩJBCUGQ010000009.1_3	UniRef100_Q01QP2~K06199	57.9	121	51	0	3	123	2	122	5.74e-44	145
GCA_055850635.1_ASM5585063v1_genomicΩJBCUGQ010000001.1_745	UniRef100_A4S8C1~K03794	37.2	113	70	1	5	116	1	113	1.02e-13	68.9
GCA_055850635.1_ASM5585063v1_genomicΩJBCUGQ010000001.1_563	UniRef100_Q01Z85~K04762	66.4	125	41	1	1	124	10	134	6.36e-46	150
GCA_055850635.1_ASM5585063v1_genomicΩJBCUGQ010000001.1_246	UniRef100_Q02A87~K01737	57.7	123	51	1	1	123	1	122	1.17e-48	157
GCA_055850635.1_ASM5585063v1_genomicΩJBCUGQ010000004.1_154	UniRef100_D5SYN7~K06886	55.5	119	53	0	4	122	13	131	1.44e-37	129
GCA_055850635.1_ASM5585063v1_genomicΩJBCUGQ010000014.1_12	UniRef100_Q01WA2~K02874	93.4	122	8	0	1	122	1	122	3.07e-75	224
GCA_055850635.1_ASM5585063v1_genomicΩJBCUGQ010000009.1_5	UniRef100_E6SH97~K09137	40.4	114	66	1	7	118	7	120	5.57e-25	97.8
GCA_055850635.1_ASM5585063v1_genomicΩJBCUGQ010000004.1_241	UniRef100_A0A143PIJ4~K02275	45.8	118	59	1	10	122	10	127	1.38e-27	104
GCA_055850635.1_ASM5585063v1_genomicΩJBCUGQ010000014.1_11	UniRef100_E6SKZ1~K02961	48.0	100	47	1	5	104	3	97	1.43e-20	85.5
GCA_055850635.1_ASM5585063v1_genomicΩJBCUGQ010000001.1_430	UniRef100_Q9RTY7~K07131	47.5	120	63	0	1	120	4	123	4.78e-33	117
GCA_055850635.1_ASM5585063v1_genomicΩJBCUGQ010000001.1_1219	UniRef100_A0A0H2X7I5~K03413	37.2	113	67	3	2	111	5	116	1.03e-09	58.2
GCA_055850635.1_ASM5585063v1_genomicΩJBCUGQ010000001.1_843	UniRef100_A0A0E3NMV5~K11443	44.4	117	65	0	1	117	1	117	7.81e-26	99.4
GCA_055850635.1_ASM5585063v1_genomicΩJBCUGQ010000001.1_56	UniRef100_Q023P2~K04488	67.3	113	37	0	3	115	1	113	1.12e-46	152
GCA_055850635.1_ASM5585063v1_genomicΩJBCUGQ010000006.1_3	UniRef100_Q029R3~K02887	68.1	116	37	0	1	116	1	116	3.85e-47	153
GCA_055850635.1_ASM5585063v1_genomicΩJBCUGQ010000014.1_18	UniRef100_Q01WA8~K02881	77.9	113	25	0	6	118	7	119	5.00e-52	165
GCA_055850635.1_ASM5585063v1_genomicΩJBCUGQ010000009.1_125	UniRef100_Q024M1~K02884	68.7	115	36	0	1	115	1	115	1.59e-52	166
GCA_055850635.1_ASM5585063v1_genomicΩJBCUGQ010000004.1_217	UniRef100_Q1IVI9~K01611	57.5	113	48	0	1	113	1	113	8.51e-44	145
GCA_055850635.1_ASM5585063v1_genomicΩJBCUGQ010000001.1_161	UniRef100_Q01W29~K02834	42.4	118	68	0	1	118	1	118	2.78e-26	100
GCA_055850635.1_ASM5585063v1_genomicΩJBCUGQ010000003.1_104	UniRef100_C7CI32~K03892	38.1	97	60	0	17	113	11	107	1.61e-13	67.8
GCA_055850635.1_ASM5585063v1_genomicΩJBCUGQ010000007.1_17	UniRef100_Q023L1~K04749	30.6	108	75	0	5	112	3	110	2.37e-16	74.7
GCA_055850635.1_ASM5585063v1_genomicΩJBCUGQ010000014.1_7	UniRef100_Q01W97~K02890	79.6	108	22	0	1	108	1	108	6.37e-55	172
GCA_055850635.1_ASM5585063v1_genomicΩJBCUGQ010000008.1_106	UniRef100_Q02CU4~K04749	78.8	113	24	0	1	113	1	113	8.36e-58	179
GCA_055850635.1_ASM5585063v1_genomicΩJBCUGQ010000009.1_21	UniRef100_Q02CL7~K00363	63.0	108	40	0	6	113	3	110	4.68e-47	152
GCA_055850635.1_ASM5585063v1_genomicΩJBCUGQ010000008.1_98	UniRef100_Q023P3~K03574	56.1	107	47	0	1	107	15	121	6.92e-35	122
GCA_055850635.1_ASM5585063v1_genomicΩJBCUGQ010000005.1_178	UniRef100_Q02C67~K02387	62.2	111	41	1	1	111	27	136	7.04e-40	135
GCA_055850635.1_ASM5585063v1_genomicΩJBCUGQ010000001.1_438	UniRef100_Q01QH0~K04751	75.0	112	28	0	1	112	1	112	4.18e-57	177
GCA_055850635.1_ASM5585063v1_genomicΩJBCUGQ010000014.1_1	UniRef100_Q01W91~K02946	90.5	105	10	0	5	109	2	106	1.26e-61	189
GCA_055850635.1_ASM5585063v1_genomicΩJBCUGQ010000001.1_977	UniRef100_Q02C96~K03671	66.1	109	37	0	1	109	1	109	2.27e-51	163
GCA_055850635.1_ASM5585063v1_genomicΩJBCUGQ010000011.1_4	UniRef100_Q029R9~K06891	57.0	107	44	1	1	105	8	114	1.36e-34	120
GCA_055850635.1_ASM5585063v1_genomicΩJBCUGQ010000006.1_123	UniRef100_Q1IN64~K06202	47.6	103	54	0	1	103	1	103	5.04e-24	94.0
GCA_055850635.1_ASM5585063v1_genomicΩJBCUGQ010000002.1_155	UniRef100_Q02CT4~K00340	77.2	101	23	0	8	108	3	103	2.43e-44	145
GCA_055850635.1_ASM5585063v1_genomicΩJBCUGQ010000001.1_1238	UniRef100_A0A1D7NLH9~K09771	71.7	99	28	0	10	108	9	107	2.57e-49	157
GCA_055850635.1_ASM5585063v1_genomicΩJBCUGQ010000009.1_13	UniRef100_Q01YV1~K13628	83.8	105	17	0	1	105	1	105	2.70e-62	190
GCA_055850635.1_ASM5585063v1_genomicΩJBCUGQ010000005.1_80	UniRef100_F8EG07~K04755	57.5	106	45	0	1	106	1	106	3.47e-42	139
GCA_055850635.1_ASM5585063v1_genomicΩJBCUGQ010000005.1_42	UniRef100_Q1IUG3~K13628	60.4	106	39	1	2	104	17	122	9.71e-43	141
GCA_055850635.1_ASM5585063v1_genomicΩJBCUGQ010000001.1_1146	UniRef100_Q029K5~K03210	59.0	100	39	1	7	106	9	106	3.52e-30	109
GCA_055850635.1_ASM5585063v1_genomicΩJBCUGQ010000010.1_90	UniRef100_A0A1E7F9E4~K14396	42.7	96	46	2	3	90	3	97	1.69e-14	69.3
GCA_055850635.1_ASM5585063v1_genomicΩJBCUGQ010000010.1_18	UniRef100_Q39YF2~K07075	61.5	104	40	0	1	104	1	104	3.46e-39	132
GCA_055850635.1_ASM5585063v1_genomicΩJBCUGQ010000004.1_266	UniRef100_A0A1L9BJ63~K07127	44.5	110	53	3	2	104	4	112	1.72e-24	95.1
GCA_055850635.1_ASM5585063v1_genomicΩJBCUGQ010000001.1_256	UniRef100_Q01ST5~K03926	59.6	104	42	0	1	104	1	104	2.21e-36	125
GCA_055850635.1_ASM5585063v1_genomicΩJBCUGQ010000010.1_29	UniRef100_F0STB2~K00363	42.3	97	56	0	6	102	5	101	4.92e-29	106
GCA_055850635.1_ASM5585063v1_genomicΩJBCUGQ010000005.1_24	UniRef100_F5X3W4~K10947	32.7	101	61	3	5	104	9	103	2.03e-08	53.9
GCA_055850635.1_ASM5585063v1_genomicΩJBCUGQ010000001.1_1072	UniRef100_A0A143B3M6~K04078	72.9	96	25	1	1	96	1	95	2.12e-47	152
GCA_055850635.1_ASM5585063v1_genomicΩJBCUGQ010000015.1_7	UniRef100_A0A0D6AGR4~K09803	36.5	85	53	1	13	96	1	85	1.68e-08	53.5
GCA_055850635.1_ASM5585063v1_genomicΩJBCUGQ010000007.1_95	UniRef100_Q01YK4~K05788	88.9	90	10	0	1	90	1	90	1.36e-48	155
GCA_055850635.1_ASM5585063v1_genomicΩJBCUGQ010000001.1_527	UniRef100_D0LHV2~K02888	56.3	103	44	1	1	102	1	103	3.83e-28	103
GCA_055850635.1_ASM5585063v1_genomicΩJBCUGQ010000012.1_8	UniRef100_Q01SJ0~K09137	55.2	96	43	0	6	101	8	103	2.04e-31	112
GCA_055850635.1_ASM5585063v1_genomicΩJBCUGQ010000003.1_165	UniRef100_Q022F7~K09747	73.3	101	26	1	1	100	1	101	4.19e-43	141
GCA_055850635.1_ASM5585063v1_genomicΩJBCUGQ010000001.1_1245	UniRef100_E6VMG7~K03536	39.8	98	55	2	5	101	16	110	5.18e-09	55.5
GCA_055850635.1_ASM5585063v1_genomicΩJBCUGQ010000013.1_32	UniRef100_Q029R1~K09888	49.5	101	48	2	1	100	1	99	8.04e-25	95.5
GCA_055850635.1_ASM5585063v1_genomicΩJBCUGQ010000005.1_176	UniRef100_Q02C65~K02408	57.4	101	35	2	1	98	1	96	8.84e-23	90.1
GCA_055850635.1_ASM5585063v1_genomicΩJBCUGQ010000004.1_178	UniRef100_Q02A54~K02435	64.6	99	35	0	1	99	1	99	1.03e-35	122
GCA_055850635.1_ASM5585063v1_genomicΩJBCUGQ010000001.1_1013	UniRef100_E1ZH98~K03248	41.5	82	48	0	3	84	9	90	2.19e-14	68.6
GCA_055850635.1_ASM5585063v1_genomicΩJBCUGQ010000001.1_548	UniRef100_Q01PN5~K06603	68.4	95	30	0	5	99	3	97	2.61e-40	134
GCA_055850635.1_ASM5585063v1_genomicΩJBCUGQ010000011.1_81	UniRef100_Q02AB3~K03530	69.8	96	29	0	3	98	5	100	2.06e-35	122
GCA_055850635.1_ASM5585063v1_genomicΩJBCUGQ010000007.1_155	UniRef100_Q021P0~K00324	66.7	93	31	0	2	94	3	95	9.61e-36	122
GCA_055850635.1_ASM5585063v1_genomicΩJBCUGQ010000002.1_175	UniRef100_Q01QR5~K02963	79.3	92	17	1	6	95	5	96	8.68e-46	148
GCA_055850635.1_ASM5585063v1_genomicΩJBCUGQ010000001.1_1161	UniRef100_A0A142X8S4~K09780	41.5	94	55	0	1	94	1	94	1.27e-21	87.0
GCA_055850635.1_ASM5585063v1_genomicΩJBCUGQ010000005.1_84	UniRef100_A0A143PRU2~K09922	66.0	94	32	0	1	94	14	107	4.91e-40	134
GCA_055850635.1_ASM5585063v1_genomicΩJBCUGQ010000002.1_86	UniRef100_E8X4P0~K02110	59.8	92	37	0	4	95	9	100	2.82e-24	94.0
GCA_055850635.1_ASM5585063v1_genomicΩJBCUGQ010000014.1_6	UniRef100_Q01W96~K02965	76.8	95	22	0	1	95	1	95	2.27e-49	157
GCA_055850635.1_ASM5585063v1_genomicΩJBCUGQ010000014.1_4	UniRef100_Q01W94~K02892	75.5	94	23	0	3	96	2	95	5.82e-45	145
GCA_055850635.1_ASM5585063v1_genomicΩJBCUGQ010000009.1_129	UniRef100_E8QZH7~K09951	70.5	95	28	0	2	96	3	97	1.30e-46	150
GCA_055850635.1_ASM5585063v1_genomicΩJBCUGQ010000002.1_383	UniRef100_A0A0A8WNC6~K07483	47.3	93	49	0	1	93	1	93	3.00e-19	80.9
GCA_055850635.1_ASM5585063v1_genomicΩJBCUGQ010000001.1_504	UniRef100_Q01VX3~K01724	62.2	90	34	0	3	92	4	93	1.64e-35	122
GCA_055850635.1_ASM5585063v1_genomicΩJBCUGQ010000001.1_20	UniRef100_Q46QL7~K09780	46.2	93	50	0	1	93	1	93	3.17e-24	93.6
GCA_055850635.1_ASM5585063v1_genomicΩJBCUGQ010000010.1_60	UniRef100_Q01W30~K09764	58.5	94	39	0	1	94	1	94	1.01e-31	112
GCA_055850635.1_ASM5585063v1_genomicΩJBCUGQ010000001.1_378	UniRef100_Q029X0~K03666	65.3	98	28	1	1	92	1	98	4.74e-33	115
GCA_055850635.1_ASM5585063v1_genomicΩJBCUGQ010000002.1_168	UniRef100_G2LK21~K01512	51.2	86	42	0	5	90	5	90	4.35e-22	87.8
GCA_055850635.1_ASM5585063v1_genomicΩJBCUGQ010000010.1_79	UniRef100_Q1ISG2~K03530	88.6	88	10	0	1	88	19	106	7.13e-51	160
GCA_055850635.1_ASM5585063v1_genomicΩJBCUGQ010000007.1_126	UniRef100_Q027U4~K02968	64.8	88	31	0	1	88	1	88	3.80e-24	92.8
GCA_055850635.1_ASM5585063v1_genomicΩJBCUGQ010000007.1_74	UniRef100_E8V7X7~K06138	44.0	84	44	1	3	86	4	84	2.47e-15	70.5
GCA_055850635.1_ASM5585063v1_genomicΩJBCUGQ010000004.1_29	UniRef100_Q01UR0~K09710	59.5	74	29	1	14	86	1	74	2.55e-25	95.5
GCA_055850635.1_ASM5585063v1_genomicΩJBCUGQ010000003.1_131	UniRef100_D3FEE8~K03563	42.5	73	42	0	1	73	1	73	3.29e-14	67.4
GCA_055850635.1_ASM5585063v1_genomicΩJBCUGQ010000002.1_104	UniRef100_Q01PQ0~K02420	57.3	89	38	0	1	89	1	89	1.06e-28	104
GCA_055850635.1_ASM5585063v1_genomicΩJBCUGQ010000001.1_701	UniRef100_A0A0F6W2B5~K02956	67.4	89	29	0	1	89	1	89	1.72e-34	119
GCA_055850635.1_ASM5585063v1_genomicΩJBCUGQ010000008.1_103	UniRef100_A0A1M9MJF9~K09780	68.5	89	26	1	1	87	1	89	5.69e-37	125
GCA_055850635.1_ASM5585063v1_genomicΩJBCUGQ010000005.1_74	UniRef100_A7NRU2~K04758	39.4	71	43	0	15	85	9	79	1.35e-08	53.1
GCA_055850635.1_ASM5585063v1_genomicΩJBCUGQ010000006.1_73	UniRef100_Q1IMV0~K05524	81.4	86	16	0	1	86	1	86	1.64e-51	161
GCA_055850635.1_ASM5585063v1_genomicΩJBCUGQ010000001.1_526	UniRef100_Q022G4~K02899	86.9	84	11	0	1	84	1	84	1.17e-46	149
GCA_055850635.1_ASM5585063v1_genomicΩJBCUGQ010000006.1_97	UniRef100_Q02B23~K02078	55.3	76	34	0	5	80	1	76	8.95e-23	89.0
GCA_055850635.1_ASM5585063v1_genomicΩJBCUGQ010000006.1_83	UniRef100_Q02A19~K03602	60.0	80	31	1	1	79	1	80	2.04e-21	85.5
GCA_055850635.1_ASM5585063v1_genomicΩJBCUGQ010000001.1_196	UniRef100_A0A1B1NB41~K02114	37.5	80	50	0	3	82	4	83	9.34e-14	66.2
GCA_055850635.1_ASM5585063v1_genomicΩJBCUGQ010000002.1_216	UniRef100_I3ZHI3~K02959	65.4	81	28	0	1	81	1	81	3.09e-30	107
GCA_055850635.1_ASM5585063v1_genomicΩJBCUGQ010000002.1_101	UniRef100_Q01PQ3~K02417	56.3	80	35	0	1	80	1	80	9.12e-22	86.3
GCA_055850635.1_ASM5585063v1_genomicΩJBCUGQ010000014.1_10	UniRef100_Q1ISB4~K02904	44.9	78	39	1	5	78	9	86	2.27e-11	60.1
GCA_055850635.1_ASM5585063v1_genomicΩJBCUGQ010000001.1_688	UniRef100_Q01Q55~K01952	65.4	81	26	2	1	79	1	81	9.39e-28	101
GCA_055850635.1_ASM5585063v1_genomicΩJBCUGQ010000002.1_116	UniRef100_Q02DD2~K02909	76.2	63	15	0	1	63	1	63	2.96e-34	117
GCA_055850635.1_ASM5585063v1_genomicΩJBCUGQ010000001.1_35	UniRef100_Q1IHZ5~K02078	84.2	76	12	0	2	77	3	78	1.69e-34	118
GCA_055850635.1_ASM5585063v1_genomicΩJBCUGQ010000002.1_318	UniRef100_A0A1L3GJP7~K03154	53.0	66	31	0	11	76	2	67	3.59e-15	68.9
GCA_055850635.1_ASM5585063v1_genomicΩJBCUGQ010000002.1_215	UniRef100_Q024L6~K06960	89.5	76	8	0	1	76	1	76	1.25e-37	125
GCA_055850635.1_ASM5585063v1_genomicΩJBCUGQ010000014.1_25	UniRef100_G2SKS3~K02518	42.6	61	35	0	11	71	8	68	7.37e-08	50.4
GCA_055850635.1_ASM5585063v1_genomicΩJBCUGQ010000001.1_1079	UniRef100_D3NYS1~K00126	51.5	66	31	1	6	70	10	75	6.69e-14	65.9
GCA_055850635.1_ASM5585063v1_genomicΩJBCUGQ010000004.1_265	UniRef100_A0A0S1SKG2~K09131	50.0	64	32	0	9	72	3	66	1.20e-11	60.1
GCA_055850635.1_ASM5585063v1_genomicΩJBCUGQ010000003.1_30	UniRef100_Q01QC0~K02518	86.1	72	10	0	1	72	1	72	8.10e-39	128
GCA_055850635.1_ASM5585063v1_genomicΩJBCUGQ010000014.1_42	UniRef100_Q01SX0~K03073	51.4	70	34	0	2	71	3	72	4.09e-16	71.2
GCA_055850635.1_ASM5585063v1_genomicΩJBCUGQ010000010.1_91	UniRef100_C1FA63~K02970	88.1	59	7	0	1	59	1	59	4.73e-25	93.6
GCA_055850635.1_ASM5585063v1_genomicΩJBCUGQ010000001.1_1244	UniRef100_A0A0F5ZN12~K08998	63.8	69	25	0	1	69	1	69	1.43e-27	100
GCA_055850635.1_ASM5585063v1_genomicΩJBCUGQ010000014.1_15	UniRef100_Q01WA5~K02954	75.4	69	17	0	1	69	1	69	2.81e-31	109
GCA_055850635.1_ASM5585063v1_genomicΩJBCUGQ010000010.1_16	UniRef100_Q01S07~K02902	76.2	63	15	0	1	63	1	63	1.55e-31	109
GCA_055850635.1_ASM5585063v1_genomicΩJBCUGQ010000001.1_93	UniRef100_Q02AU4~K03704	84.4	64	10	0	1	64	1	64	2.17e-34	117
GCA_055850635.1_ASM5585063v1_genomicΩJBCUGQ010000006.1_4	UniRef100_Q029R4~K02916	65.6	64	22	0	1	64	1	64	1.65e-21	84.3
GCA_055850635.1_ASM5585063v1_genomicΩJBCUGQ010000005.1_223	UniRef100_Q01YT4~K02651	49.1	55	28	0	1	55	4	58	2.82e-10	55.8
GCA_055850635.1_ASM5585063v1_genomicΩJBCUGQ010000006.1_120	UniRef100_I4ACW7~K02385	60.7	56	22	0	1	56	1	56	8.71e-17	72.4
GCA_055850635.1_ASM5585063v1_genomicΩJBCUGQ010000002.1_163	UniRef100_Q01RP1~K02911	75.0	60	15	0	1	60	1	60	1.77e-30	106
GCA_055850635.1_ASM5585063v1_genomicΩJBCUGQ010000014.1_20	UniRef100_Q01WB0~K02907	71.2	59	17	0	1	59	1	59	1.81e-25	94.0
GCA_055850635.1_ASM5585063v1_genomicΩJBCUGQ010000003.1_63	UniRef100_Q028J1~K09862	57.9	57	20	2	3	55	2	58	3.19e-17	73.2
GCA_055850635.1_ASM5585063v1_genomicΩJBCUGQ010000001.1_1246	UniRef100_Q02A38~K02914	87.5	48	6	0	1	48	1	48	1.42e-20	81.3
GCA_055850635.1_ASM5585063v1_genomicΩJBCUGQ010000011.1_82	UniRef100_Q02AB4~K03116	81.8	55	9	1	3	56	2	56	1.13e-20	81.6
GCA_055850635.1_ASM5585063v1_genomicΩJBCUGQ010000001.1_633	UniRef100_Q025H3~K09791	83.9	56	9	0	1	56	1	56	6.47e-29	102
GCA_055850635.1_ASM5585063v1_genomicΩJBCUGQ010000014.1_43	UniRef100_Q01SX1~K02913	78.0	50	11	0	1	50	1	50	1.87e-21	83.2
